#x_outof_circle[deg],y_outof_circle[deg]
-6.554854e-01,-1.076283e+00
-2.399433e-01,-1.385900e+00
-3.732816e-01,-1.394135e+00
-4.322219e-01,-1.052746e+00
-4.420450e-01,-1.103217e+00
-4.424403e-01,-1.037782e+00
-4.446666e-01,-1.128519e+00
-2.959020e-01,-1.195627e+00
-5.004642e-01,-9.822591e-01
-6.714493e-01,-1.125675e+00
-4.508793e-01,-1.128540e+00
-4.720007e-01,-1.356633e+00
1.181540e+00,-7.911591e-01
4.144867e-01,-1.095342e+00
4.335644e-01,-1.163265e+00
4.434981e-01,-1.227473e+00
-1.893469e+00,-5.954634e-01
1.164281e+00,-7.868429e-01
1.213876e+00,-8.375632e-01
-1.747312e+00,-8.027287e-01
-1.629950e+00,-1.002135e+00
-7.293009e-01,1.741844e+00
-4.355803e-01,1.802871e+00
-6.222074e-01,1.682310e+00
-5.047788e-01,1.718608e+00
-4.264717e-01,1.743239e+00
-1.292406e+00,-1.478210e+00
-4.884202e-01,1.638618e+00
-5.075533e-01,1.731591e+00
-8.293886e-01,1.759523e+00
-5.556437e-01,1.555341e+00
-5.301000e-01,1.616728e+00
-3.685397e-01,1.577289e+00
-1.572741e+00,-1.179205e+00
-6.426010e-01,1.527901e+00
-5.495072e-01,1.535406e+00
-7.230961e-01,1.787395e+00
-1.795265e+00,4.856954e-01
-1.767841e+00,4.918941e-01
-4.715058e-01,1.559322e+00
-4.385077e-01,1.494317e+00
-1.910255e+00,4.736393e-01
-3.253128e-01,-1.947492e+00
-4.221917e-01,1.773743e+00
-2.748000e-01,1.791828e+00
-2.393644e-01,1.737364e+00
-2.739429e-01,1.651137e+00
-8.051832e-01,1.827351e+00
-3.051877e-01,1.583775e+00
-3.731199e-01,1.841391e+00
-4.106717e-01,1.754601e+00
-4.215632e-01,1.771221e+00
-7.076987e-01,1.677308e+00
-4.957922e-01,1.632672e+00
-7.487219e-01,1.668735e+00
-2.653474e-01,1.743833e+00
-1.767592e+00,5.386995e-01
-2.554542e-01,-1.938428e+00
-3.552043e-01,1.720489e+00
-5.492967e-01,1.890249e+00
-1.714219e+00,-9.872117e-01
-6.520563e-01,1.549052e+00
-5.512315e-01,1.541593e+00
-3.722026e-01,1.765146e+00
-2.816311e-01,1.800393e+00
-5.188637e-01,1.827979e+00
-1.795063e+00,4.831431e-01
-2.716774e-01,1.465946e+00
-1.847430e+00,6.034226e-01
-2.816628e-01,1.561819e+00
-2.559322e-01,1.767473e+00
-4.899730e-01,1.809807e+00
-5.035322e-01,1.689521e+00
-2.938430e-01,1.857373e+00
-2.482359e-01,1.753567e+00
-2.240472e-01,1.708262e+00
-2.799513e-01,1.649707e+00
-1.800548e+00,5.243135e-01
-4.303340e-01,1.940418e+00
-3.929686e-01,1.762908e+00
-1.743443e+00,5.009774e-01
-1.911333e+00,5.321224e-01
-3.249648e-01,-1.813499e+00
-1.883943e+00,6.064349e-01
-2.502951e-01,-1.982199e+00
1.965174e+00,-3.511232e-01
-3.670556e-01,1.830695e+00
-7.201539e-01,1.672253e+00
-5.774175e-01,1.489063e+00
-3.437956e-01,-1.960959e+00
-5.117936e-01,1.702047e+00
-6.909726e-01,1.658711e+00
-5.947465e-01,1.690290e+00
-3.610334e-01,1.937055e+00
-4.062294e-01,1.730508e+00
1.935808e+00,-4.394085e-01
-6.133410e-01,1.829091e+00
-5.829118e-01,1.754252e+00
-1.881081e+00,5.503150e-01
-4.768483e-01,1.885621e+00
-5.419077e-01,1.581212e+00
-3.775761e-01,1.461741e+00
-3.782658e-01,1.863097e+00
-5.494490e-01,1.776068e+00
-7.666627e-01,1.758050e+00
-4.428684e-01,1.443954e+00
-6.932433e-01,1.603984e+00
-5.898741e-01,1.699718e+00
-4.215139e-01,1.948563e+00
-5.825292e-01,1.902699e+00
-5.845534e-01,1.832181e+00
-4.206171e-01,1.586243e+00
-4.812176e-01,1.810758e+00
-3.819348e-01,1.574435e+00
-3.203740e-01,1.914509e+00
-1.581172e-01,-1.197211e+00
3.612713e-03,-1.169717e+00
7.691724e-02,-1.093569e+00
-4.282107e-02,-1.332473e+00
4.789487e-01,-1.044766e+00
-1.579576e+00,-1.192141e+00
-3.310974e-01,-1.944689e+00
-3.185453e-01,-1.000561e+00
-2.172276e-01,-9.997588e-01
-1.324010e-02,-1.138167e+00
-1.676965e+00,-8.477042e-01
-1.400172e+00,-1.422827e+00
-1.632421e+00,-1.148441e+00
-5.131936e-01,1.646766e+00
-7.269676e-01,1.603009e+00
-1.756446e+00,-8.009857e-01
-1.639714e+00,-9.173215e-01
-1.495497e+00,-1.223741e+00
-1.297598e-01,-1.089697e+00
-1.512910e+00,-1.196490e+00
-3.720244e-02,-1.099657e+00
-1.460328e+00,-1.328277e+00
-1.751191e+00,-7.338162e-01
-1.853862e+00,-6.853939e-01
-1.523438e+00,-1.203133e+00
-1.876566e-02,-1.102467e+00
-5.291658e-01,-1.247373e+00
-4.336287e-01,-1.169151e+00
-6.511623e-04,-1.165356e+00
-4.732302e-01,-1.111966e+00
-6.198797e-01,-1.138521e+00
-4.888137e-01,-1.024307e+00
-1.637319e-01,-1.001812e+00
-7.058312e-02,-1.129420e+00
7.349304e-02,-1.142842e+00
-4.273152e-01,-1.054666e+00
-5.946625e-01,-1.075683e+00
-5.508724e-02,-1.038318e+00
-4.478504e-01,-1.176648e+00
9.618545e-03,-1.154465e+00
1.216069e-01,-1.227312e+00
-6.770598e-01,-1.104209e+00
-5.617280e-01,-1.285243e+00
-4.512523e-01,-1.136851e+00
-1.899566e-01,-1.024830e+00
-1.164060e-01,-1.161800e+00
-2.036613e-01,-1.195963e+00
1.028786e-01,-1.149442e+00
-5.648650e-01,-1.210060e+00
-2.296124e-01,-1.161166e+00
-3.707585e-01,-1.109228e+00
-1.894402e-01,-1.271568e+00
-2.252042e-01,-1.361663e+00
-8.633314e-02,-1.228182e+00
-3.445049e-01,-1.101141e+00
-4.710014e-01,-1.282875e+00
-1.358531e-01,-1.048733e+00
-2.448329e-01,-9.996545e-01
-5.585578e-01,-1.130198e+00
-6.043186e-01,-1.196991e+00
-1.566461e+00,-1.073648e+00
-5.745259e-01,-1.278596e+00
-4.136190e-01,-1.374481e+00
-2.298544e-01,-1.230899e+00
-2.109008e-01,-1.143216e+00
-5.391386e-01,-1.045280e+00
-3.862116e-01,-1.164511e+00
-4.245774e-01,-1.298276e+00
-5.048171e-01,-1.310700e+00
-5.550917e-01,-9.855831e-01
-5.488370e-01,-1.127031e+00
-4.869724e-01,-1.036901e+00
-3.369373e-01,-1.258309e+00
-2.880894e-01,-1.326934e+00
-6.082521e-03,-1.132273e+00
-4.979086e-01,-1.226929e+00
-3.894883e-01,-1.294408e+00
-5.216028e-01,-1.068343e+00
-4.873846e-01,-1.193596e+00
-4.448172e-01,-1.208211e+00
-4.754581e-01,-1.264318e+00
-3.048275e-01,-1.296551e+00
-3.162190e-01,-1.001452e+00
6.521235e-02,-1.057382e+00
-8.793611e-03,-1.197200e+00
-1.511844e-01,-1.188559e+00
-1.321402e-01,-1.272659e+00
-5.388057e-01,-1.174810e+00
-1.947929e+00,-1.543327e-01
-4.839394e-01,-1.186221e+00
-5.783602e-01,-1.021402e+00
-6.348361e-01,-1.117917e+00
-3.233009e-01,-1.162755e+00
-5.736659e-01,-1.185867e+00
-3.543556e-01,-1.306234e+00
-5.426491e-01,-1.312398e+00
-4.548597e-01,-1.130033e+00
1.038452e+00,-1.556264e+00
1.073750e+00,-1.484764e+00
1.009609e+00,-1.432439e+00
-1.844689e+00,-6.556907e-01
-1.648549e+00,-1.023716e+00
-1.765428e+00,-7.675165e-01
-1.602143e+00,-1.138489e+00
-1.632435e+00,-9.049920e-01
-1.664902e+00,-8.531847e-01
-1.781996e+00,-6.783223e-01
-1.377835e+00,-1.327065e+00
-1.442173e+00,-1.313494e+00
-2.773380e-01,-1.360604e+00
-3.835695e-01,-1.343235e+00
-4.724958e-01,-1.234898e+00
-1.582822e+00,-1.021095e+00
-1.588204e+00,-1.057180e+00
-1.904971e+00,-5.752861e-02
1.401235e+00,-7.226506e-01
1.364531e+00,-1.057407e+00
1.529941e+00,-1.015504e+00
1.607732e+00,-1.086494e+00
-1.934027e+00,-5.132703e-03
1.574059e+00,-1.034263e+00
1.473452e+00,-1.067009e+00
-3.695959e-01,-1.024398e+00
-4.625709e-01,-1.180422e+00
1.582282e+00,-8.162954e-01
1.542668e+00,-9.042429e-01
-3.984528e-01,-1.380074e+00
1.315290e+00,-8.110932e-01
1.488191e+00,-7.918974e-01
1.476422e+00,-7.110289e-01
1.407015e+00,-9.087730e-01
1.391975e+00,-1.157761e+00
1.432542e+00,-1.166466e+00
-5.008891e-01,-1.395453e+00
1.441857e+00,-8.053263e-01
1.323901e+00,-9.444597e-01
1.589970e+00,-7.838459e-01
1.287116e+00,-7.823278e-01
1.486994e+00,-7.395115e-01
1.331812e+00,-7.942417e-01
1.413483e+00,-1.138352e+00
1.441044e+00,-1.158406e+00
1.363590e+00,-8.978406e-01
7.251957e-01,-1.449255e+00
1.013107e+00,-1.645257e+00
1.388606e+00,-7.192337e-01
1.253213e+00,-8.706177e-01
1.472220e+00,-1.335703e+00
-1.623684e+00,-9.167963e-01
-1.783628e+00,-8.516903e-01
1.486308e+00,-8.505631e-01
1.481164e+00,-1.147678e+00
-1.453713e+00,-1.304074e+00
-1.527816e+00,-1.165626e+00
1.393134e+00,-8.211587e-01
1.703531e+00,-1.043442e+00
1.474423e+00,-1.319619e+00
1.372500e+00,-9.384575e-01
1.465942e+00,-1.021001e+00
1.523843e+00,-1.202421e+00
-1.787110e+00,-7.156130e-01
-1.421478e+00,-1.285686e+00
1.232583e+00,-7.869437e-01
1.275041e+00,-8.398871e-01
1.616596e+00,-1.095968e+00
1.566526e+00,-1.017573e+00
1.481121e+00,-1.252153e+00
1.326075e+00,-8.270703e-01
1.296556e+00,-9.633171e-01
1.564346e+00,-9.378835e-01
1.518661e+00,-1.125707e+00
1.289199e+00,-7.927125e-01
1.412104e+00,-9.319853e-01
1.432310e+00,-1.078606e+00
1.421224e+00,-7.882026e-01
1.443484e+00,-9.457743e-01
1.331775e+00,-9.507891e-01
-1.624603e+00,-9.671950e-01
-3.646895e-01,-1.289409e+00
1.302343e+00,-7.337461e-01
1.425222e+00,-8.430487e-01
1.265052e+00,-8.091624e-01
1.567787e+00,-1.011023e+00
1.409397e+00,-9.014049e-01
8.159151e-01,-1.458397e+00
8.501231e-01,-1.526641e+00
7.546723e-01,-1.452431e+00
9.919068e-01,-1.431971e+00
1.284096e+00,-8.218389e-01
1.526750e+00,-7.835182e-01
9.455574e-01,-1.610056e+00
-1.543549e+00,7.926732e-01
9.757758e-01,-1.403740e+00
1.635181e+00,-9.514811e-01
-1.967044e+00,-8.850411e-02
1.339361e+00,-7.289933e-01
1.320538e+00,-9.813638e-01
1.414490e+00,-1.185622e+00
-1.942258e+00,-2.137557e-02
-1.770423e+00,-3.546855e-01
1.153617e+00,-8.815802e-01
-2.572426e-01,-1.296139e+00
-3.223882e-01,-1.359850e+00
1.312031e+00,-1.006085e+00
1.581454e+00,-1.210520e+00
1.519380e+00,-9.426102e-01
1.482579e+00,-1.174553e+00
-1.538439e+00,8.047307e-01
-1.537018e+00,8.073432e-01
-1.528509e+00,6.227156e-01
7.583925e-01,-1.470743e+00
-1.662130e+00,8.691633e-01
-8.510274e-01,-1.456034e+00
-7.941571e-01,-1.443392e+00
-1.953920e+00,-3.934706e-01
4.242907e-01,-1.007016e+00
1.515086e+00,-7.148906e-01
1.468118e+00,-1.053179e+00
1.550947e+00,-1.009745e+00
-1.591989e+00,6.741541e-01
-1.547696e+00,8.790700e-01
1.199113e-01,1.442221e+00
1.574337e+00,-1.044553e+00
1.792518e-01,-1.114960e+00
1.930509e-01,-1.132127e+00
1.588171e-01,-1.123848e+00
3.669873e-01,-1.426614e+00
3.829945e-01,-1.419869e+00
8.233273e-01,-1.538512e+00
8.454442e-01,-1.486700e+00
1.009703e+00,-1.600657e+00
8.296997e-01,-1.442960e+00
1.071017e+00,1.470476e+00
-1.698325e+00,8.127117e-01
3.554835e-01,-1.812146e+00
9.661788e-01,-9.092292e-01
1.716022e-01,-1.777265e+00
5.179557e-01,-1.803002e+00
3.880165e-01,-1.093316e+00
3.347561e-01,-1.249918e+00
2.559310e-01,-1.975258e+00
7.473537e-01,1.736560e+00
-1.472494e+00,6.746033e-01
1.726559e-01,-1.766062e+00
1.851270e-01,-1.745091e+00
2.705028e-01,-1.937962e+00
-1.654890e+00,8.718896e-01
-1.758943e+00,8.434074e-01
-1.551441e+00,6.758515e-01
-1.545262e+00,7.134665e-01
1.591817e+00,-1.010780e+00
1.616863e+00,-1.145439e+00
3.531175e-01,-1.929558e+00
9.367918e-01,1.744820e+00
8.889510e-01,1.774721e+00
1.096063e+00,-8.747496e-01
3.044696e-01,-1.888419e+00
7.355544e-01,1.747570e+00
1.008357e+00,-1.605600e+00
9.263778e-01,-8.825033e-01
1.084944e+00,-8.461355e-01
3.653582e-01,-1.774797e+00
2.748180e-01,-1.099504e+00
5.347469e-01,-1.202116e+00
3.696444e-01,-1.752733e+00
2.094365e-01,-1.942735e+00
4.352060e-01,-1.826850e+00
-1.835458e+00,7.267473e-01
-1.690783e+00,4.851931e-01
1.004788e-01,-1.719701e+00
3.571002e-01,-1.723137e+00
-1.415469e+00,-8.253036e-01
1.560587e+00,-7.754140e-01
1.403064e+00,-1.038186e+00
1.511913e+00,-1.144800e+00
1.112103e+00,-8.649871e-01
9.624029e-01,-9.196817e-01
4.423837e-01,-1.698896e+00
1.434736e+00,-9.889126e-01
1.413058e+00,-1.040895e+00
1.718308e-01,-1.814462e+00
1.266976e+00,-8.262194e-01
1.415552e+00,-1.094628e+00
1.533806e+00,-1.062072e+00
1.400788e+00,-1.186214e+00
1.280820e+00,-7.718539e-01
1.486878e+00,-7.328618e-01
1.416723e+00,-9.217451e-01
1.573859e+00,-9.939253e-01
1.450439e+00,-1.183805e+00
1.433713e+00,-1.187734e+00
-1.812395e+00,7.917653e-01
-1.701745e+00,7.334556e-01
4.853591e-01,-1.901587e+00
6.473210e-01,1.837316e+00
9.539444e-01,1.611213e+00
7.930509e-01,1.564619e+00
1.555963e+00,-8.335288e-01
1.467581e+00,-1.223963e+00
-1.704889e+00,7.787402e-01
3.351753e-01,-1.816267e+00
7.490366e-01,1.634863e+00
4.351487e-01,-9.708273e-01
1.206804e-01,-1.051925e+00
2.446243e-01,-1.128673e+00
2.006957e-01,-1.152656e+00
4.246254e-01,-1.249235e+00
4.271800e-01,-1.314652e+00
5.216153e-01,-1.826343e+00
1.562799e-01,-1.011383e+00
2.504499e-01,-1.269709e+00
4.913262e-01,-1.201225e+00
2.731022e-01,-1.216494e+00
9.200252e-01,1.661706e+00
2.220885e-01,-1.958886e+00
6.613093e-01,1.764820e+00
-1.198232e+00,-9.425842e-01
-1.335923e+00,-1.000250e+00
-1.183144e+00,-9.764262e-01
9.532286e-01,1.736182e+00
8.290766e-01,1.644926e+00
1.080585e+00,-8.337457e-01
1.050523e+00,-9.763714e-01
2.101416e-01,-1.808501e+00
2.540030e-01,-1.901460e+00
9.522984e-01,-9.283989e-01
6.591888e-01,1.838976e+00
9.581573e-01,1.693722e+00
9.466478e-01,1.589791e+00
5.284109e-01,-1.891918e+00
1.066534e+00,1.584727e+00
8.203710e-01,1.564193e+00
1.176771e+00,-8.671031e-01
8.542312e-01,1.658416e+00
1.124632e+00,-8.051603e-01
2.128271e-01,-1.793558e+00
1.746266e-01,-1.881473e+00
8.768950e-01,1.707251e+00
1.064726e+00,1.602071e+00
8.496741e-01,1.681330e+00
8.520591e-01,1.625417e+00
8.619269e-01,1.566648e+00
-1.880524e+00,-1.231291e-01
-1.909472e+00,-2.011806e-01
4.199355e-01,-1.704154e+00
9.436089e-01,1.694266e+00
7.488433e-01,1.624380e+00
7.347798e-01,1.620328e+00
6.573796e-01,1.796127e+00
9.741762e-01,1.577124e+00
6.024243e-01,1.882916e+00
8.991982e-01,1.690963e+00
-1.314514e+00,1.272463e+00
2.033987e-01,-1.873306e+00
8.938891e-01,1.550650e+00
-1.114386e+00,1.514396e+00
5.110609e-01,-1.867934e+00
9.987370e-01,1.564344e+00
1.101131e+00,1.577111e+00
8.161491e-01,1.544333e+00
-1.330380e+00,1.420734e+00
-1.754238e+00,-4.626819e-01
-1.630993e+00,-7.683028e-01
-1.568223e+00,-7.615413e-01
-1.334021e+00,-7.384656e-01
-1.540825e+00,-8.361100e-01
-1.424725e+00,1.400378e+00
-1.305027e+00,1.386011e+00
-1.784931e+00,-6.247739e-01
-1.161243e+00,1.388968e+00
-1.218399e+00,1.415005e+00
-1.885583e+00,-4.792706e-01
-1.725294e+00,-6.589887e-01
-1.704335e+00,-5.540938e-01
-1.468147e+00,-7.844429e-01
-1.415413e+00,-8.462068e-01
-1.446482e+00,-9.131248e-01
-1.249895e+00,1.375979e+00
-1.591114e+00,-6.198923e-01
-1.483154e+00,-6.213853e-01
-1.615886e+00,-7.017933e-01
-1.341538e+00,-1.065075e+00
-1.193752e+00,-1.079290e+00
-1.210636e+00,-1.087808e+00
8.101854e-01,1.782029e+00
-1.188728e+00,1.342736e+00
-4.965902e-01,1.220276e+00
-7.170460e-01,1.080987e+00
-4.837045e-01,1.165983e+00
-1.242328e+00,1.434874e+00
-5.109762e-01,1.241129e+00
-1.004210e+00,1.402577e+00
-1.239726e+00,1.477088e+00
-5.521490e-01,1.259947e+00
-5.737870e-01,1.145523e+00
-6.881550e-01,1.434747e+00
-8.432486e-01,1.278177e+00
-1.180379e+00,1.559637e+00
7.567630e-01,1.827014e+00
-1.412988e+00,1.372980e+00
-1.325089e+00,1.356300e+00
-1.391518e+00,1.383722e+00
1.120958e+00,1.499463e+00
1.217774e+00,1.429460e+00
-1.356819e+00,1.399889e+00
-1.380981e+00,1.393681e+00
8.492442e-01,-1.471128e+00
9.535046e-01,-1.753047e+00
1.169614e+00,-8.283634e-01
-1.614686e+00,1.046189e+00
-1.299543e+00,1.133224e+00
-1.626245e+00,1.143604e+00
-9.390851e-01,1.279907e+00
-5.684731e-01,1.255004e+00
-6.199879e-01,1.033027e+00
9.398335e-01,-1.664976e+00
9.190809e-01,-1.507865e+00
1.169434e+00,-1.582145e+00
7.177096e-01,1.268153e+00
-9.681778e-01,-1.300818e+00
-1.196274e+00,1.307619e+00
-7.715471e-01,-1.496195e+00
-9.221367e-01,-1.373779e+00
-5.842318e-01,-1.557951e+00
-6.775855e-01,-1.619978e+00
-1.475916e+00,-8.441054e-01
-1.234786e+00,-9.533386e-01
-1.649443e+00,8.043376e-01
-1.610146e+00,7.248692e-01
9.993060e-02,-1.119276e+00
-1.668462e+00,7.640022e-01
-1.664008e+00,5.102404e-01
-4.908561e-01,1.028119e+00
-9.217660e-01,-1.243094e+00
-9.843610e-01,-1.230795e+00
-7.504053e-01,1.281877e+00
-7.244076e-01,1.212907e+00
-6.257667e-01,1.042380e+00
-5.455467e-01,9.657699e-01
-8.268241e-01,-1.216124e+00
-1.587461e+00,6.786757e-01
-1.826843e+00,-5.186182e-01
-1.725971e+00,-7.117655e-01
-1.593936e+00,-5.395679e-01
-1.511324e+00,-8.078423e-01
-1.688712e+00,-7.494009e-01
-1.281631e+00,-9.298742e-01
-1.222644e+00,-1.033181e+00
-1.267019e+00,-1.064465e+00
-1.138812e+00,-1.042058e+00
-1.181222e+00,1.613257e+00
-1.085761e+00,1.384647e+00
-1.302575e+00,1.300054e+00
-7.978443e-01,-1.273063e+00
-9.356717e-01,-1.312775e+00
-1.348214e+00,-7.166337e-01
-1.296411e+00,-7.889601e-01
-1.357617e+00,-8.224245e-01
-9.842949e-01,-1.561527e+00
-1.331054e+00,-1.097841e+00
-1.392974e+00,-1.047171e+00
-1.036213e+00,-1.624738e+00
-9.151195e-01,-1.286989e+00
-5.500617e-01,-1.404767e+00
-6.452558e-01,-1.503257e+00
-5.160229e-01,-1.567134e+00
9.572937e-01,1.610973e+00
-1.178179e+00,1.428672e+00
1.140686e+00,1.480093e+00
1.056235e+00,1.325373e+00
8.129169e-01,1.499956e+00
1.077669e+00,1.476295e+00
1.219990e+00,1.226668e+00
-1.929774e+00,-2.244131e-01
-1.896035e+00,4.419786e-02
-1.881067e+00,-3.780782e-01
7.690680e-01,1.685796e+00
-1.833584e+00,-2.405186e-01
1.185737e+00,1.092296e+00
9.670656e-01,1.459923e+00
8.673111e-01,1.453981e+00
1.190842e+00,1.253984e+00
1.302877e+00,1.319768e+00
9.910618e-01,1.186793e+00
1.347972e+00,1.029991e+00
1.479464e+00,1.025316e+00
7.623861e-01,1.669839e+00
9.639490e-01,1.596332e+00
-1.410411e+00,1.375522e+00
-1.132440e+00,1.395007e+00
1.048066e+00,1.534265e+00
1.061054e+00,1.375831e+00
1.181899e+00,1.353987e+00
1.139575e+00,1.003188e+00
-1.944245e+00,-3.582045e-01
-7.088640e-01,-1.497616e+00
-6.783489e-01,-1.411617e+00
-4.953582e-01,-1.685128e+00
-4.609550e-01,-1.893397e+00
-1.673573e+00,-8.338940e-01
-1.541132e+00,-1.218157e+00
-1.866384e+00,-3.712883e-01
-1.663612e+00,9.143898e-01
8.472882e-01,1.407875e+00
1.107041e+00,1.451029e+00
1.194410e+00,1.406085e+00
9.174798e-01,1.323826e+00
1.264450e+00,1.307942e+00
1.064864e+00,1.136722e+00
1.115264e+00,1.566977e+00
8.653007e-01,1.487785e+00
9.152903e-01,1.479725e+00
1.256344e+00,1.355693e+00
1.389201e+00,1.178684e+00
1.222137e+00,1.154452e+00
1.124458e+00,-1.513723e+00
1.002945e+00,-1.427272e+00
8.762280e-01,1.798843e+00
-1.818939e+00,-3.305889e-01
-1.758055e+00,9.017562e-01
1.083137e+00,-1.487670e+00
-1.169989e+00,1.605482e+00
-1.345070e+00,1.398545e+00
9.449028e-01,-1.515729e+00
8.621329e-01,-1.448135e+00
9.375350e-01,-1.619625e+00
1.082008e+00,-1.629680e+00
8.821104e-01,-1.602884e+00
1.015424e+00,-1.502717e+00
1.080889e+00,-1.433905e+00
9.354098e-01,-1.666793e+00
1.049860e+00,-1.700815e+00
1.357106e+00,1.017046e+00
9.194560e-01,-1.512064e+00
8.733894e-01,-9.806825e-01
1.114122e+00,-8.520058e-01
9.536189e-01,-8.935099e-01
1.222621e+00,-9.950790e-01
-1.265813e+00,1.105305e+00
5.375684e-01,1.624213e+00
-1.122746e+00,1.495629e+00
-1.447884e+00,1.153210e+00
-1.472183e+00,1.297609e+00
-1.625329e+00,9.046853e-01
-6.884088e-01,9.345234e-01
-1.973002e+00,-2.592493e-01
-1.928331e+00,-2.524301e-01
1.091499e+00,-1.434857e+00
9.325585e-01,-1.489262e+00
1.124447e+00,-1.539475e+00
1.145446e+00,-8.628151e-01
1.093553e+00,-9.053664e-01
-1.947229e+00,-3.354115e-01
1.007649e+00,-1.108123e+00
-6.637216e-01,-1.323064e+00
-5.658128e-01,-1.359152e+00
-7.401504e-01,-1.386248e+00
-5.513940e-01,-1.393083e+00
-4.095098e-01,-1.579859e+00
5.260072e-01,1.374308e+00
7.047289e-01,1.314419e+00
8.227803e-01,1.122155e+00
-7.463277e-01,-1.400238e+00
-7.500401e-01,-1.344716e+00
1.101910e+00,1.241553e+00
-9.121621e-01,-1.263531e+00
-7.049477e-01,-1.351031e+00
-3.345629e-01,-1.709869e+00
-6.155855e-01,-1.678785e+00
-1.958214e+00,-1.441353e-01
-1.966129e+00,-2.168720e-01
-1.982175e+00,-1.915556e-01
-8.991868e-01,-1.334923e+00
-6.737519e-01,-1.321621e+00
1.071255e+00,1.545284e+00
1.034748e+00,1.427530e+00
-1.601370e+00,9.250792e-01
-5.579686e-01,-1.468191e+00
-1.488121e+00,-1.151177e+00
-1.967091e+00,-2.085778e-01
-1.681216e+00,9.528087e-01
-1.654328e+00,1.004943e+00
-1.712305e+00,8.853085e-01
-8.008599e-01,-1.285691e+00
-4.599292e-01,-1.497785e+00
-7.658340e-01,-1.561015e+00
-7.508815e-01,-1.624958e+00
-8.136277e-01,-1.504645e+00
1.132533e+00,1.287815e+00
1.239831e+00,1.414023e+00
-1.982195e+00,-2.374221e-01
-1.907196e+00,-3.973443e-01
-1.704157e+00,9.892254e-01
-6.847533e-01,-1.299208e+00
8.796007e-01,-9.717756e-01
-9.096307e-01,-1.361056e+00
-5.479497e-01,-1.362023e+00
-1.602254e+00,7.051638e-01
-1.540331e+00,6.828051e-01
-1.966343e+00,-3.069111e-01
-1.728590e+00,-3.929824e-01
-1.947468e+00,-3.086829e-01
-1.742820e+00,9.312538e-01
1.072515e+00,-8.830633e-01
9.049075e-01,-9.853780e-01
-6.910511e-01,-1.435706e+00
-8.552677e-01,-1.356985e+00
-7.500655e-01,-1.625765e+00
-3.832808e-01,-1.704466e+00
-4.281732e-01,-1.836408e+00
-6.061366e-01,-1.305501e+00
-3.694411e-01,-1.928559e+00
1.100882e+00,1.254111e+00
1.449144e+00,1.058795e+00
-1.606862e+00,9.360266e-01
1.109148e+00,-1.503703e+00
1.101411e+00,-1.577638e+00
1.103796e+00,-8.060123e-01
9.905166e-01,-8.575142e-01
9.987315e-01,-9.280155e-01
-1.912200e+00,2.568408e-02
-1.800927e+00,-3.296486e-01
-1.724317e+00,-3.880698e-01
-1.768203e+00,9.154274e-01
1.274019e+00,1.381274e+00
-3.732148e-01,-1.869233e+00
1.323389e-01,-1.288088e+00
1.037447e+00,1.494945e+00
1.234391e+00,1.374302e+00
-1.639681e+00,-7.754288e-01
-1.358154e+00,-7.271171e-01
-1.434534e+00,-7.210535e-01
9.714897e-01,-1.113465e+00
1.167172e+00,-1.124490e+00
-6.227161e-01,-1.707998e+00
-6.271814e-01,-1.693559e+00
-4.280589e-01,-1.732520e+00
-5.389702e-01,-1.921187e+00
1.119001e+00,1.136775e+00
1.152138e+00,1.372369e+00
1.314111e+00,1.199996e+00
1.018643e+00,1.151837e+00
1.142830e+00,8.876574e-01
-8.370892e-01,-1.510516e+00
-6.165729e-01,-1.648447e+00
-4.818268e-01,-1.710276e+00
-5.493260e-01,-1.845060e+00
-8.955055e-03,-1.327169e+00
5.031963e-01,1.286243e+00
3.810662e-01,-1.058849e+00
4.093335e-01,-1.088753e+00
-9.117883e-01,-1.358817e+00
-7.443277e-01,-1.632574e+00
-6.395402e-01,-1.680086e+00
1.198361e-01,-1.326051e+00
1.165406e+00,1.155925e+00
3.345702e-01,-9.866202e-01
1.199217e-01,-1.090829e+00
2.596705e-01,-1.081969e+00
3.326795e-01,-1.197961e+00
4.282580e-01,-1.264251e+00
2.467463e-01,-1.144089e+00
-6.008725e-01,-1.692845e+00
-6.060612e-01,-1.721092e+00
-4.185041e-01,-1.734486e+00
-4.405338e-01,-1.774853e+00
-2.893282e-01,-1.912750e+00
1.043869e+00,-1.006111e+00
1.216045e+00,-1.130179e+00
1.229203e+00,-1.087517e+00
1.830548e-01,-1.032195e+00
-1.819418e+00,-3.481514e-01
2.627539e-01,-1.188650e+00
4.686938e-01,-1.174231e+00
5.642529e-01,-1.390556e+00
-1.518363e+00,-1.195520e+00
-1.870347e+00,-1.677850e-01
-7.976335e-01,-1.782083e+00
1.166906e+00,1.420734e+00
1.022679e+00,1.297956e+00
1.373434e+00,1.000766e+00
1.395681e+00,9.917789e-01
1.397169e+00,1.124444e+00
1.193388e+00,1.102153e+00
1.849351e-01,-1.171797e+00
3.089537e-01,-1.253323e+00
-4.412610e-01,-1.944420e+00
1.086842e-01,-1.374138e+00
1.392494e-01,-1.127873e+00
4.098913e-01,-1.220294e+00
-5.546238e-01,-1.441834e+00
-4.440706e-01,-1.696976e+00
-4.603104e-01,-1.890358e+00
-1.873053e+00,-5.011115e-01
-1.866947e+00,-4.987520e-01
-1.454871e+00,-6.511381e-01
-1.496674e+00,-5.954922e-01
-1.438505e+00,-8.312801e-01
-8.331206e-01,-1.639688e+00
1.220248e+00,1.389675e+00
1.301864e+00,1.299560e+00
1.257457e+00,1.177529e+00
1.137809e+00,1.091628e+00
1.207909e+00,8.472461e-01
-1.707590e+00,-5.209021e-01
3.686600e-01,-1.433737e+00
-9.559693e-01,-1.278667e+00
-7.031847e-01,-1.548038e+00
-7.867627e-01,-1.596456e+00
-5.230006e-01,-1.826193e+00
3.363483e-01,-1.014840e+00
4.799608e-01,-1.040041e+00
3.601016e-01,-9.860038e-01
-1.707607e+00,9.798504e-01
5.418065e-01,-1.233914e+00
3.143124e-01,-1.239957e+00
-1.623979e+00,-5.805498e-01
-1.669652e+00,-6.163628e-01
-1.129789e+00,-1.069587e+00
-1.061794e+00,-1.618192e+00
1.168467e+00,1.228879e+00
1.277669e+00,1.227141e+00
-1.517458e+00,-5.864228e-01
-4.538707e-01,-1.878546e+00
-3.948754e-01,-1.896546e+00
2.872722e-02,-1.400241e+00
1.963811e-03,-1.288936e+00
4.608547e-01,-1.253597e+00
1.278939e+00,-1.243469e+00
5.088299e-01,-1.193993e+00
3.873115e-01,-1.245824e+00
1.044682e+00,1.254449e+00
1.296818e+00,1.356679e+00
1.409024e+00,1.134924e+00
-6.289532e-01,-1.717832e+00
1.092667e-01,-1.270545e+00
1.626646e-01,-1.358852e+00
-5.020635e-02,-1.364098e+00
5.645416e-01,-1.220754e+00
3.036020e-01,-1.206712e+00
-1.770894e+00,-6.787708e-01
-1.506865e+00,-9.696439e-01
9.551659e-01,-1.666654e+00
9.091323e-01,-1.729574e+00
1.203143e+00,-9.157695e-01
5.409725e-01,-1.305246e+00
3.863046e-01,-1.109533e+00
6.122213e-01,-1.366302e+00
-1.833553e+00,-5.468392e-01
-1.795483e+00,-5.475269e-01
-1.541994e+00,-5.786641e-01
3.101972e-01,-1.068338e+00
3.963912e-01,-1.099219e+00
-1.653728e+00,-5.027000e-01
-1.493173e+00,-8.070577e-01
-1.020887e+00,-1.583264e+00
9.310891e-01,-1.605632e+00
9.754090e-01,-1.048266e+00
9.310185e-01,-1.082597e+00
-1.758662e+00,-4.403890e-01
-1.544377e+00,-1.007285e+00
-7.856025e-01,-1.786365e+00
1.218444e+00,9.677971e-01
1.182869e+00,8.401050e-01
1.749264e-01,-1.113043e+00
2.877086e-01,-1.145052e+00
3.091122e-01,-1.201662e+00
5.070623e-01,-1.346333e+00
3.581697e-01,-1.372309e+00
8.179487e-01,-1.443618e+00
5.737485e-01,-1.306995e+00
4.597124e-01,-1.328025e+00
-1.462755e+00,-9.616517e-01
-1.539751e+00,-8.624781e-01
-1.058570e+00,-1.550654e+00
-8.976423e-01,-1.673828e+00
4.232215e-01,-1.312281e+00
4.064585e-01,-1.397556e+00
3.971823e-01,-1.363339e+00
1.143644e+00,-1.565651e+00
9.561536e-01,-9.611197e-01
1.060810e+00,-1.391618e+00
9.085697e-01,-1.518884e+00
1.068266e+00,-8.778845e-01
1.120984e+00,-9.623092e-01
8.875152e-01,-1.002682e+00
-1.422381e+00,-1.115945e+00
-1.268943e+00,-1.051110e+00
-1.308840e+00,-1.071987e+00
-1.306543e+00,-1.107231e+00
-1.031421e+00,-1.553090e+00
4.687206e-01,-1.343313e+00
-1.787847e+00,-6.280092e-01
-1.564371e+00,-7.883438e-01
-1.054163e+00,-1.542214e+00
1.220571e+00,-9.512927e-01
-1.331862e+00,-9.491282e-01
-1.274805e+00,-1.014036e+00
-1.704645e+00,-4.077323e-01
-1.325921e+00,-9.267312e-01
-9.612964e-01,-1.636243e+00
-6.904604e-01,-1.870408e+00
4.918570e-01,-1.336519e+00
3.061876e-01,-1.174676e+00
1.901818e-01,-1.107190e+00
4.036346e-01,-1.232330e+00
4.512188e-01,-1.015877e+00
3.790703e-01,-1.046695e+00
3.630250e-01,-1.031974e+00
1.936923e-01,-1.221319e+00
-1.628601e+00,-5.315658e-01
-1.407316e+00,-8.651121e-01
-7.977351e-01,-1.675642e+00
-1.220659e+00,-9.786004e-01
-1.019713e+00,-1.599447e+00
-1.555375e+00,-7.309938e-01
-1.615091e+00,-7.719444e-01
-1.333422e+00,-8.754644e-01
-1.384192e+00,-9.619882e-01
-1.505931e+00,-1.043751e+00
5.112028e-01,-1.380046e+00
4.188909e-01,-1.355625e+00
4.670453e-01,-1.312259e+00
7.700359e-01,1.447119e+00
1.298982e+00,1.008623e+00
-1.417654e+00,-6.838084e-01
-1.562793e+00,-9.816718e-01
-1.262631e+00,-8.593641e-01
-1.247851e+00,-1.021138e+00
1.255182e+00,1.360153e+00
1.207673e+00,1.041691e+00
1.125825e+00,1.476751e+00
2.658773e-01,-1.001116e+00
2.586570e-01,-1.109280e+00
5.236883e-01,-1.113135e+00
1.342414e+00,9.891086e-01
1.179914e+00,1.403233e+00
1.058943e+00,1.297207e+00
1.208100e+00,1.417455e+00
1.200198e+00,1.329856e+00
1.041199e+00,1.555128e+00
1.200641e+00,1.495475e+00
1.462822e+00,1.003494e+00
1.173739e+00,1.012816e+00
-1.570215e+00,5.551255e-01
1.289437e+00,1.268465e+00
1.206274e+00,8.752994e-01
9.097802e-01,1.460973e+00
1.061742e+00,1.228606e+00
1.252019e+00,9.957575e-01
1.220473e+00,1.071147e+00
1.153207e+00,1.311072e+00
1.358892e+00,9.895058e-01
1.232425e+00,1.036423e+00
1.228562e+00,9.591637e-01
1.288932e+00,1.129094e+00
1.191015e+00,1.010000e+00
-1.311954e+00,-1.505004e+00
1.200269e+00,-1.055373e+00
1.214603e+00,8.361208e-01
-1.336689e+00,-1.465832e+00
1.271265e+00,9.860854e-01
1.142998e+00,9.897588e-01
1.303893e+00,8.334793e-01
1.140800e+00,1.136836e+00
1.172153e+00,1.080485e+00
-1.253910e+00,-1.537449e+00
1.179808e+00,1.025889e+00
1.197963e+00,1.023157e+00
1.198947e+00,8.824231e-01
-1.476512e+00,1.222569e+00
-1.514772e+00,1.042515e+00
5.974922e-01,1.464663e+00
6.251805e-01,1.319478e+00
7.567212e-01,1.243873e+00
6.758867e-01,1.234526e+00
7.539545e-01,1.357812e+00
8.975601e-01,1.109701e+00
1.304902e+00,8.926497e-01
-1.500399e+00,1.256516e+00
-1.356511e+00,1.173226e+00
-1.544320e+00,1.058115e+00
-1.415758e+00,1.165941e+00
-1.584830e+00,-6.325046e-01
-1.698951e+00,-5.710116e-01
-8.011817e-01,-1.784995e+00
-1.202312e+00,1.156027e+00
1.376932e+00,9.345481e-01
-1.536536e+00,1.199920e+00
-1.398850e+00,1.275406e+00
-1.408455e+00,1.120438e+00
-1.255940e+00,1.066362e+00
5.388849e-01,1.631831e+00
6.429702e-01,1.667904e+00
1.107612e+00,1.389275e+00
1.334664e+00,1.197963e+00
1.256224e+00,1.243711e+00
-1.406353e+00,9.248760e-01
7.080400e-01,1.443410e+00
-1.348623e+00,9.300681e-01
-1.242557e+00,7.917339e-01
-1.582207e+00,9.891299e-01
-1.461848e+00,8.576050e-01
1.251160e+00,8.273189e-01
1.280674e+00,8.296752e-01
-1.437047e+00,8.803350e-01
-1.193037e+00,9.298486e-01
-1.351577e+00,8.175424e-01
-1.339844e+00,8.815742e-01
-1.303645e+00,8.641885e-01
1.235545e+00,8.249447e-01
-1.470457e+00,1.174542e+00
-8.674311e-01,-1.779338e+00
-1.147995e+00,1.302624e+00
1.214675e+00,1.262483e+00
1.195962e+00,8.430842e-01
4.797736e-01,1.625123e+00
1.423329e+00,1.037301e+00
1.510018e+00,9.199182e-01
7.598011e-01,1.513622e+00
1.228777e+00,9.164120e-01
1.498193e+00,9.776683e-01
-1.648656e+00,-6.939387e-01
-1.174909e+00,-1.079897e+00
-1.480515e+00,-1.011993e+00
-1.284297e+00,1.082618e+00
5.430729e-01,1.523082e+00
8.124114e-01,1.242696e+00
4.504268e-01,1.530973e+00
6.012743e-01,1.404101e+00
6.825766e-01,1.257512e+00
5.712453e-01,1.351921e+00
-1.362861e+00,1.147103e+00
1.396425e+00,9.162080e-01
-1.352366e+00,1.088441e+00
-1.631904e+00,1.030147e+00
-1.428045e+00,1.117187e+00
5.274270e-01,1.287238e+00
8.156518e-01,1.247110e+00
-1.506776e+00,1.105370e+00
-1.414385e+00,1.290694e+00
6.276766e-01,1.333963e+00
8.686871e-01,1.161470e+00
5.382968e-01,1.379451e+00
5.557631e-01,1.282420e+00
8.372031e-01,1.365067e+00
7.347681e-01,1.145230e+00
-8.107540e-01,1.123489e+00
-7.613428e-01,1.046488e+00
1.189156e+00,8.034166e-01
5.333113e-01,1.549509e+00
5.017156e-01,1.485930e+00
8.543741e-01,1.272454e+00
7.277049e-01,1.269101e+00
1.232711e+00,1.277306e+00
1.339718e+00,9.192389e-01
-1.590341e+00,1.026456e+00
7.495717e-01,1.556646e+00
6.845920e-01,1.420040e+00
7.849172e-01,1.369478e+00
6.907914e-01,1.260045e+00
-1.488221e+00,-7.070139e-01
-1.433648e+00,-7.219686e-01
-1.521082e+00,-8.826179e-01
-1.352660e+00,-1.091233e+00
-1.167775e+00,-9.832862e-01
-1.416480e+00,-1.057007e+00
-1.227771e+00,1.234057e+00
-1.578447e+00,9.393548e-01
-1.183482e+00,8.775201e-01
1.244003e+00,1.405683e+00
1.024037e+00,1.231610e+00
1.231114e+00,8.733322e-01
1.284516e+00,8.333338e-01
-1.407422e+00,1.015928e+00
-1.217520e+00,8.987835e-01
-1.527875e+00,1.201851e+00
-1.591654e+00,1.032909e+00
-1.496286e+00,1.158348e+00
5.994433e-01,1.594316e+00
7.582689e-01,1.512404e+00
1.205292e+00,1.110125e+00
-1.424453e+00,9.556959e-01
-1.108299e+00,8.120008e-01
1.300547e+00,8.868082e-01
-1.367411e+00,9.571341e-01
-1.248853e+00,9.792836e-01
-1.243244e+00,1.037310e+00
-1.465641e+00,7.741479e-01
-1.487976e+00,1.106748e+00
5.608973e-01,1.544527e+00
1.143445e+00,8.683053e-01
-1.453703e+00,1.296023e+00
-1.432014e+00,1.086337e+00
6.307503e-01,1.503242e+00
-1.474532e+00,1.270692e+00
4.194693e-01,1.470554e+00
4.994468e-01,1.472363e+00
8.201044e-01,1.336884e+00
3.162410e-01,1.615817e+00
9.873634e-01,1.093509e+00
-1.416663e+00,1.222174e+00
6.950503e-01,1.214586e+00
7.835516e-01,1.212891e+00
-1.392430e+00,8.900556e-01
-1.308358e+00,7.473349e-01
-1.513670e+00,1.128751e+00
-1.513601e+00,1.119929e+00
-1.560061e+00,1.083626e+00
9.449558e-01,1.079180e+00
1.010313e+00,1.020543e+00
-1.152371e+00,9.293651e-01
-1.340349e+00,9.094296e-01
-1.230914e+00,9.689150e-01
-1.558942e+00,9.410162e-01
-1.298652e+00,1.018430e+00
-1.283284e+00,1.071705e+00
7.338862e-01,1.386289e+00
8.170079e-01,1.358638e+00
6.903929e-01,9.310901e-01
3.151525e-01,1.592015e+00
6.428089e-01,1.280648e+00
-1.213315e+00,9.602972e-01
-1.555678e+00,9.237077e-01
1.482691e+00,8.975469e-01
-1.353364e+00,7.983987e-01
-1.396071e+00,9.206397e-01
-1.482505e+00,9.259561e-01
-1.431339e+00,8.400748e-01
-1.422482e-01,-1.511521e+00
-2.064743e-01,-1.588885e+00
-2.064743e-01,-1.588885e+00
-3.158687e-01,-1.538098e+00
1.073474e+00,-1.350134e+00
-2.694303e-01,-1.462660e+00
-2.640532e-01,-1.484028e+00
8.500237e-01,1.031266e+00
-2.718095e-01,-1.657606e+00
-1.085561e-01,-1.709969e+00
-1.533469e-01,-1.828999e+00
1.002665e+00,-1.072676e+00
1.343779e+00,-1.234104e+00
-1.561276e+00,1.013953e+00
4.537135e-01,1.637990e+00
5.616561e-01,1.441990e+00
7.656954e-01,1.290721e+00
-1.520664e+00,1.002389e+00
8.426462e-01,1.300373e+00
-1.577530e+00,9.344817e-01
-1.397329e+00,9.491910e-01
1.241549e+00,-1.338933e+00
8.324368e-01,1.252709e+00
7.006072e-01,1.063292e+00
7.522278e-01,1.213447e+00
-1.253999e-01,1.777777e+00
8.665020e-02,1.665119e+00
-1.386273e+00,1.227125e+00
-1.566254e+00,1.040472e+00
6.841191e-01,1.111847e+00
1.098109e+00,-1.135847e+00
1.281843e+00,-1.281358e+00
1.277510e+00,-1.385289e+00
1.252811e+00,-1.363647e+00
1.400123e+00,-1.309888e+00
1.206058e+00,-1.555318e+00
1.256136e+00,-1.555885e+00
-1.885157e-01,-1.412432e+00
-1.222407e+00,7.614469e-01
-1.728909e+00,-6.089729e-01
-1.316137e+00,9.983883e-01
-1.271468e+00,8.456996e-01
6.849355e-01,1.459056e+00
8.912103e-01,1.255154e+00
-1.665665e+00,-4.692311e-01
-1.601941e+00,-5.812299e-01
-1.708786e+00,-7.499882e-01
-7.855321e-01,-1.663122e+00
-1.371201e+00,7.853508e-01
-1.478165e+00,8.438737e-01
6.234482e-01,1.631678e+00
6.374829e-01,1.485992e+00
5.281317e-01,1.424952e+00
7.720912e-01,1.163305e+00
-1.297721e+00,8.636881e-01
1.038004e+00,-1.118958e+00
8.190249e-01,9.355017e-01
1.171704e+00,-1.107261e+00
1.278496e+00,-1.400087e+00
1.359010e+00,-1.441934e+00
-2.370950e-01,-1.549285e+00
-2.920881e-01,-1.555322e+00
-2.054272e-01,-1.489085e+00
1.329257e-02,-1.663916e+00
-1.098180e-01,-1.691703e+00
8.872775e-02,-1.884520e+00
6.945846e-02,1.641080e+00
-1.371565e+00,8.035481e-01
9.336569e-01,-1.053447e+00
1.186243e+00,-1.017571e+00
1.043104e+00,-1.032479e+00
1.009176e+00,-1.140680e+00
1.120779e+00,-1.246524e+00
-1.876980e+00,-4.922814e-01
-8.045187e-01,-1.808294e+00
1.138588e+00,-1.197482e+00
1.307101e+00,-1.508272e+00
4.828261e-01,1.634211e+00
5.635613e-01,1.364130e+00
7.971869e-01,1.467878e+00
7.586218e-01,1.337089e+00
7.489211e-01,9.940725e-01
6.583442e-01,1.026299e+00
1.106464e+00,-1.152854e+00
1.167091e+00,-1.197256e+00
1.011986e+00,-1.227726e+00
-9.693856e-02,-1.525711e+00
-1.331760e-01,-1.649021e+00
-1.229838e-01,-1.737389e+00
1.659421e-01,-1.946089e+00
1.300334e+00,-1.299576e+00
1.313149e+00,-1.435313e+00
1.003705e+00,-1.057252e+00
1.318277e+00,-1.496262e+00
1.163538e+00,-1.520012e+00
-4.179515e-01,-1.436242e+00
-1.123008e-01,-1.589761e+00
4.458329e-03,-1.674059e+00
-1.164465e-01,-1.751277e+00
-1.523578e+00,1.127181e+00
-1.427880e+00,1.249547e+00
1.038320e+00,1.014169e+00
8.648343e-01,9.035059e-01
1.186623e+00,-1.082346e+00
1.195378e+00,-1.187114e+00
1.041476e+00,-1.279159e+00
-1.514335e-01,1.891924e+00
-3.873836e-02,-1.819329e+00
-1.292792e-01,-1.754303e+00
1.091093e-01,-1.817947e+00
3.124115e-02,-1.926545e+00
-5.689786e-02,1.656064e+00
9.428053e-01,8.722401e-01
1.311191e+00,-1.209012e+00
1.260309e+00,-1.266278e+00
1.201163e+00,-1.440991e+00
6.515998e-02,-1.754450e+00
1.576859e+00,8.297235e-01
9.877267e-01,-1.108931e+00
-1.104491e-01,1.592043e+00
-7.209721e-02,-1.459500e+00
1.049519e+00,1.009725e+00
1.345562e+00,-1.437971e+00
1.301825e+00,-1.217976e+00
-1.449741e+00,-7.734749e-01
-1.209885e+00,-1.037265e+00
-8.727095e-01,-1.748957e+00
9.402545e-01,-9.508135e-01
1.153514e+00,-9.972597e-01
1.119884e+00,-1.236420e+00
1.113076e+00,-1.339930e+00
-2.692460e-01,-1.416022e+00
-1.385252e-01,-1.635081e+00
2.890472e-02,-1.697889e+00
-1.706303e-01,-1.941074e+00
1.426854e+00,-1.359623e+00
-2.523510e-01,-1.442395e+00
-3.399001e-01,-1.576713e+00
-1.374365e+00,-8.587373e-01
-1.348656e+00,-1.089935e+00
-8.281476e-01,-1.697683e+00
4.401712e-01,1.640609e+00
7.101037e-01,1.628610e+00
6.544510e-01,1.500511e+00
1.038954e+00,-1.023274e+00
1.128032e+00,-1.041373e+00
1.336273e+00,-1.161135e+00
1.197110e+00,-1.228080e+00
-3.507229e-01,-1.535824e+00
1.216764e+00,-1.261988e+00
1.441294e+00,-1.348281e+00
-1.078980e-01,-1.447975e+00
-2.239126e-01,-1.407356e+00
-1.588699e-01,-1.716018e+00
8.344577e-02,-1.995252e+00
1.512138e+00,8.435161e-01
1.512138e+00,8.435161e-01
-7.983932e-01,-1.126981e+00
-8.996043e-01,-1.310301e+00
-1.777079e-01,1.978729e+00
-1.924847e-01,1.983730e+00
7.706214e-03,1.726227e+00
2.233315e-01,1.477162e+00
-1.904409e+00,3.887835e-01
-1.952528e+00,2.878503e-01
5.601843e-01,-1.134271e+00
6.462343e-01,-1.122549e+00
8.052224e-01,-1.138373e+00
1.202387e+00,-1.279286e+00
1.103318e+00,-1.348587e+00
1.256740e+00,-1.435072e+00
-4.071566e-01,-1.431984e+00
-1.909895e-01,-1.578707e+00
-5.135507e-02,-1.780812e+00
-3.360558e-02,-1.760139e+00
-5.887325e-02,1.660841e+00
-6.201538e-02,1.773932e+00
5.311636e-03,1.599326e+00
-4.343082e-02,1.670009e+00
1.427924e-01,-1.928993e+00
-1.982759e-01,1.861208e+00
2.691662e-02,1.564748e+00
-7.863989e-02,1.543542e+00
-8.639461e-03,1.550308e+00
-2.608781e-02,1.532471e+00
1.093752e+00,-1.299636e+00
1.358443e+00,-1.273582e+00
1.215189e+00,-1.587022e+00
-2.583185e-01,1.823476e+00
-2.746840e-01,1.949857e+00
4.734189e-02,1.693603e+00
5.370217e-01,-9.988802e-01
5.970729e-01,-1.174754e+00
-9.599543e-01,1.359337e+00
-6.372544e-01,1.059356e+00
7.659587e-01,-1.264019e+00
9.295794e-01,-1.228227e+00
8.187949e-01,-1.401060e+00
8.072232e-01,-1.288414e+00
-3.138100e-01,-1.393368e+00
1.038451e+00,-1.175113e+00
1.374478e+00,-1.315694e+00
1.343083e+00,-1.347945e+00
5.111198e-01,-9.753848e-01
8.898893e-01,-1.150352e+00
8.918526e-01,-1.177223e+00
-1.679789e+00,-5.088448e-01
-1.504142e+00,-9.555938e-01
-7.989370e-01,-1.655052e+00
-1.219946e+00,1.203533e+00
-7.767028e-01,-1.819056e+00
-7.661350e-01,-1.831946e+00
-1.243203e+00,1.232760e+00
-1.091763e+00,1.052534e+00
1.291043e+00,-1.081630e+00
1.320011e+00,-1.181965e+00
1.238319e+00,-1.325669e+00
-1.165790e-01,1.837752e+00
-8.630089e-02,1.671343e+00
-4.782586e-02,1.523534e+00
1.537792e+00,7.083695e-01
1.919274e-01,1.470478e+00
1.382024e-01,1.573917e+00
1.222264e-01,1.497844e+00
1.099082e+00,-1.028362e+00
1.123448e+00,-1.165852e+00
1.185242e+00,-1.043591e+00
1.137273e+00,-1.342086e+00
1.365082e+00,-1.250626e+00
-5.142584e-02,-1.682581e+00
3.138770e-02,-1.726794e+00
-1.734900e+00,8.575683e-01
-1.785330e+00,8.481638e-01
7.369422e-01,1.006248e+00
1.001663e-01,-1.789888e+00
-5.228688e-02,1.810650e+00
3.415608e-02,1.579137e+00
1.578373e+00,7.373249e-01
-1.943984e+00,3.031974e-01
6.378387e-02,-1.780000e+00
-3.250544e-01,1.953878e+00
-1.724268e-01,1.885937e+00
1.509488e+00,8.300891e-01
7.254359e-01,-1.157952e+00
5.930067e-01,-1.211528e+00
-4.114224e-01,-1.880266e+00
2.183349e-01,-1.296542e+00
7.668369e-01,-1.010694e+00
8.533204e-01,-1.010631e+00
6.173506e-01,-1.241695e+00
7.271832e-01,-1.321506e+00
1.222317e+00,7.718716e-01
7.259295e-01,1.273889e+00
1.036077e-02,1.700815e+00
1.923926e+00,2.852888e-01
-1.178157e-03,-1.857358e+00
-1.248579e+00,1.380890e+00
-1.080446e+00,1.285175e+00
-7.455511e-01,-1.825853e+00
-1.121100e+00,1.046193e+00
1.934000e+00,3.856819e-01
1.392070e+00,7.154563e-01
-2.511961e-01,-1.538453e+00
-1.387370e-01,-1.581924e+00
-1.222695e-01,-1.765921e+00
2.048544e-01,-1.984577e+00
9.233642e-01,-1.214134e+00
6.468182e-01,-1.294520e+00
-2.885590e-01,-1.410917e+00
-5.994956e-02,-1.482256e+00
-2.712725e-01,-1.755542e+00
-2.901113e-02,-1.798353e+00
-1.783341e-01,-1.700166e+00
1.166147e-01,-1.845706e+00
-9.086262e-02,-1.855842e+00
6.231838e-02,-1.988349e+00
-1.293635e-01,-1.873773e+00
-1.640025e+00,7.780872e-01
-1.815215e+00,6.847676e-01
-4.356778e-01,-1.547403e+00
7.993104e-01,-1.293655e+00
8.746395e-01,-1.377228e+00
8.436767e-01,-1.282711e+00
-1.263982e-01,1.794217e+00
8.474985e-02,1.620079e+00
-6.551798e-02,1.537088e+00
1.997902e+00,1.055017e-01
1.163085e+00,-1.314906e+00
1.218515e+00,-1.506642e+00
6.403323e-01,-1.269591e+00
9.569530e-01,-1.204161e+00
8.913519e-01,-1.386227e+00
9.599984e-01,1.082479e+00
8.787912e-01,1.020136e+00
1.003214e+00,9.847124e-01
7.394718e-01,-1.419469e+00
-7.994331e-01,1.282829e+00
-5.604234e-01,1.186850e+00
-7.254533e-01,1.111100e+00
-7.411981e-01,9.985987e-01
5.055828e-01,-9.899662e-01
1.505989e+00,8.207274e-01
-1.766571e+00,4.171173e-01
9.907104e-01,-8.927934e-01
9.152712e-01,-9.763911e-01
1.191324e+00,-1.057020e+00
1.321699e+00,-1.443157e+00
1.446811e+00,8.294892e-01
-1.815338e+00,3.228122e-01
-2.256219e-01,1.984183e+00
7.496711e-01,-1.244123e+00
7.681154e-01,-1.426932e+00
1.755374e+00,-7.341751e-01
-7.194033e-01,1.434291e+00
-6.660738e-01,1.383488e+00
-8.644409e-01,1.261763e+00
1.842901e+00,-7.413356e-01
1.657825e+00,-8.148976e-01
-8.197950e-01,1.330161e+00
-7.135620e-01,1.230615e+00
-4.947698e-01,1.094578e+00
-4.280477e-01,1.064629e+00
-1.063515e+00,-1.552066e+00
1.971621e+00,2.201913e-01
1.177851e+00,-1.015612e+00
1.102237e+00,-1.164961e+00
1.286121e+00,-1.398996e+00
-5.812710e-02,1.615629e+00
-1.202675e-01,1.682278e+00
1.140486e-01,1.641969e+00
-1.941242e+00,4.247779e-01
1.050629e+00,-1.045783e+00
1.177030e+00,-1.039476e+00
1.232730e+00,-9.835887e-01
1.246535e+00,-1.204466e+00
1.293966e+00,-1.358973e+00
-2.435554e-01,-1.655793e+00
-1.806033e-01,-1.662233e+00
2.873404e-02,-1.737848e+00
-1.426754e-01,-1.777774e+00
-5.701626e-01,-1.471202e+00
-4.802700e-01,-1.476065e+00
-7.834615e-01,-1.337059e+00
-1.696944e+00,4.389755e-01
-1.894679e+00,3.431100e-01
5.965050e-01,-1.183794e+00
8.067348e-01,-1.187548e+00
-1.462047e-02,1.519883e+00
-1.874714e+00,4.197618e-01
9.590087e-02,1.511125e+00
-1.238337e+00,1.172718e+00
-1.425068e-01,1.631892e+00
6.283904e-02,1.522675e+00
-1.527804e+00,7.321885e-01
-1.738587e+00,6.447985e-01
-7.655806e-01,-1.297367e+00
1.968446e+00,1.969477e-01
-4.864220e-01,-1.577719e+00
-2.748323e-01,-1.895886e+00
1.321252e-01,-1.274785e+00
4.574024e-02,-1.457551e+00
8.629277e-01,-1.148974e+00
7.071606e-01,-1.222273e+00
7.261131e-01,-1.252782e+00
8.014544e-01,-1.265966e+00
7.453327e-01,-1.216461e+00
7.196555e-01,-1.363496e+00
8.503953e-01,-1.407850e+00
-1.162425e+00,1.144334e+00
-9.473096e-01,1.082370e+00
-8.825566e-01,9.866515e-01
6.838670e-01,-1.045997e+00
-1.842074e+00,2.066350e-01
-5.502243e-01,-1.503260e+00
-4.761404e-01,-1.498579e+00
-3.711375e-01,-1.866974e+00
6.737055e-01,-1.251227e+00
8.186960e-01,-1.247155e+00
-3.794232e-01,-1.542188e+00
-1.742531e-01,-1.584326e+00
-2.162693e-01,-1.683368e+00
-1.061606e-01,-1.924573e+00
-1.891919e+00,4.028601e-01
6.759322e-01,-1.073732e+00
9.091266e-01,-1.247650e+00
1.521920e-01,1.586380e+00
-2.800497e-01,-1.470467e+00
-7.780541e-01,1.037353e+00
-8.069881e-01,-1.814363e+00
-9.938601e-01,1.183590e+00
-1.272184e+00,1.218209e+00
-1.128983e+00,1.230053e+00
-1.323509e+00,1.216064e+00
-1.007499e+00,1.223242e+00
7.503309e-01,1.054008e+00
8.119165e-01,-1.333454e+00
-5.079752e-01,1.043839e+00
8.064925e-01,-1.107440e+00
5.654472e-01,-1.022338e+00
5.185374e-01,-1.075066e+00
7.105748e-01,-1.103408e+00
7.132001e-01,-1.043972e+00
8.735328e-01,-1.160523e+00
8.021762e-01,-1.173667e+00
8.001668e-01,-1.156123e+00
9.721133e-01,-1.201426e+00
8.749708e-01,-1.300860e+00
1.033374e+00,-1.330822e+00
-6.179881e-01,1.381284e+00
-8.194582e-01,1.374756e+00
-7.390975e-01,1.246406e+00
-7.212493e-01,9.420737e-01
1.056556e-01,-1.263058e+00
-3.929021e-01,-1.796209e+00
-6.512109e-01,-1.818020e+00
-4.466866e-01,-1.821670e+00
1.420638e-01,-1.293076e+00
-1.315761e-02,-1.444833e+00
7.803204e-01,-1.081012e+00
1.411244e+00,1.378132e+00
1.597026e+00,1.058411e+00
1.715760e+00,9.162564e-01
-6.129513e-01,-1.323815e+00
-7.391645e-01,-1.486099e+00
-6.342738e-01,-1.752023e+00
-2.493740e-01,-1.922738e+00
1.480907e+00,1.285402e+00
5.880603e-01,-1.851712e+00
-6.957004e-01,1.358574e+00
-6.562758e-01,9.607870e-01
-5.108716e-01,-1.438749e+00
-4.004597e-01,-1.618720e+00
-7.019174e-01,-1.628527e+00
-6.073468e-01,-1.801614e+00
-3.998763e-01,-1.810974e+00
-6.112889e-03,-1.272666e+00
-8.646411e-01,1.095975e+00
-9.334281e-01,-1.188840e+00
-7.258556e-01,-1.275593e+00
-7.605528e-01,-1.604614e+00
7.931767e-01,-1.704891e+00
1.405903e+00,1.340337e+00
-5.732847e-01,1.250627e+00
-7.702549e-01,1.136930e+00
8.050577e-01,1.059871e+00
1.449494e+00,1.334213e+00
1.228835e-02,-1.521081e+00
7.873150e-01,-1.051046e+00
-6.797610e-01,1.251717e+00
-4.131529e-01,1.064686e+00
9.506538e-01,1.054250e+00
-1.757322e-01,-1.920759e+00
1.274738e-01,-1.822631e+00
-8.897243e-01,1.288388e+00
-5.471612e-01,1.073155e+00
-9.736129e-01,-1.582557e+00
-1.130082e+00,1.326217e+00
-1.289171e+00,1.233085e+00
-9.406486e-01,9.704984e-01
-1.077620e+00,9.137023e-01
7.421556e-01,-1.182058e+00
9.701277e-01,-1.282219e+00
9.577726e-01,-1.360449e+00
-8.838523e-01,1.312867e+00
-7.588503e-01,1.233643e+00
-6.518214e-01,1.177394e+00
-8.247064e-01,1.125163e+00
8.362027e-01,-1.097219e+00
7.743698e-01,-1.417053e+00
-8.060968e-01,1.427352e+00
-6.963650e-01,1.381183e+00
-5.470372e-01,1.211961e+00
-8.731981e-01,9.851569e-01
-6.936711e-01,-1.819983e+00
1.646888e+00,7.856216e-01
1.860590e+00,6.565999e-01
9.925752e-01,8.626404e-01
1.331174e+00,1.388912e+00
1.620336e+00,1.038826e+00
1.640444e+00,9.450714e-01
-7.369035e-01,-1.489209e+00
2.845274e-01,-1.559195e+00
1.537660e+00,1.197507e+00
1.712054e+00,8.009460e-01
-3.922900e-01,-1.773800e+00
-3.658595e-01,-1.723904e+00
-5.006455e-01,-1.817707e+00
-2.378054e-01,-1.892880e+00
4.522108e-03,-1.372985e+00
-5.082434e-01,1.235053e+00
-4.383513e-01,1.116356e+00
5.559472e-01,-9.632947e-01
6.101612e-01,-1.052913e+00
-6.046092e-01,1.239645e+00
-8.149204e-01,1.127298e+00
1.785144e+00,-7.857057e-01
-5.043433e-01,1.233633e+00
-8.632967e-01,1.361643e+00
-5.753126e-01,1.064265e+00
-5.812231e-01,1.091068e+00
-6.226913e-01,9.575672e-01
-1.934978e+00,2.549945e-01
1.191927e-01,-1.674990e+00
8.275926e-01,-1.691425e+00
6.871853e-01,-1.332027e+00
1.288174e+00,1.411347e+00
1.448036e+00,1.243759e+00
1.473475e+00,1.155148e+00
9.249179e-01,-1.129795e+00
8.651874e-01,-1.138794e+00
-1.130832e+00,1.573864e+00
1.740913e+00,6.525557e-01
-6.698173e-01,1.457829e+00
-8.766012e-01,1.257646e+00
-7.633620e-01,1.408318e+00
-7.021659e-01,1.434047e+00
-6.014192e-01,1.379082e+00
-8.087759e-01,1.137837e+00
-7.006755e-01,1.077505e+00
-5.896675e-01,1.085861e+00
-4.656126e-01,1.117429e+00
-4.665968e-01,-1.521775e+00
-4.593507e-01,-1.713424e+00
-5.185886e-01,-1.813847e+00
-6.241400e-01,-1.764818e+00
7.710676e-01,-1.695370e+00
6.135588e-01,-1.797158e+00
5.749482e-01,-1.762997e+00
7.295013e-01,1.035733e+00
9.545304e-01,1.043911e+00
6.351504e-01,1.035572e+00
1.387584e+00,1.347378e+00
1.264155e+00,1.514998e+00
1.350354e+00,1.287000e+00
1.331171e+00,1.490428e+00
1.506406e+00,1.137412e+00
1.475627e+00,1.125069e+00
1.750406e+00,5.961566e-01
1.769557e+00,6.461583e-01
-7.707347e-01,-1.163067e+00
-7.552641e-01,-1.393189e+00
-5.048579e-01,-1.803787e+00
-5.074955e-02,-1.439214e+00
-8.194199e-01,-1.808539e+00
5.464646e-01,-1.833200e+00
5.464646e-01,-1.833200e+00
-9.780352e-01,1.584648e+00
-9.368052e-01,1.688288e+00
-1.175126e+00,1.360549e+00
-1.072671e+00,1.016560e+00
-1.076008e+00,1.130783e+00
-1.060448e+00,9.797939e-01
-9.025263e-01,9.968998e-01
6.081307e-01,-1.843030e+00
7.921140e-01,-1.735394e+00
-1.973426e+00,3.119513e-01
-1.053749e+00,9.115074e-01
-7.109309e-01,-1.187456e+00
-7.505603e-01,-1.445359e+00
-7.749856e-01,-1.329737e+00
-3.155060e-01,-1.840233e+00
1.288047e+00,7.872778e-01
1.356516e+00,8.272526e-01
8.208331e-01,-1.356584e+00
8.596478e-01,-1.410783e+00
9.756364e-01,-1.254275e+00
8.432706e-01,1.080184e+00
9.494751e-01,9.041123e-01
1.442775e+00,1.229658e+00
1.441021e+00,1.254090e+00
7.227473e-01,-1.848227e+00
1.870170e+00,6.507739e-01
1.834494e+00,7.101581e-01
1.907472e+00,3.266072e-01
-1.840321e-01,-1.447950e+00
-3.258562e-02,-1.655734e+00
-6.732753e-02,-1.744277e+00
3.432467e-02,-1.990750e+00
1.413364e+00,1.298209e+00
1.631715e+00,7.715675e-01
7.598175e-01,-1.767061e+00
8.973331e-01,-1.783466e+00
-5.272525e-01,1.162943e+00
-5.383230e-01,-1.835998e+00
9.343981e-02,-1.401550e+00
-1.377192e-01,1.655491e+00
7.624963e-01,-9.933367e-01
9.367497e-01,-1.175684e+00
6.873494e-01,-1.291001e+00
-2.013693e-01,1.611395e+00
1.643928e+00,-7.382327e-01
6.436902e-01,1.030163e+00
8.943648e-01,8.942448e-01
1.085737e+00,8.699062e-01
1.397954e+00,1.424628e+00
-1.779829e+00,7.760803e-01
6.582708e-01,-9.404301e-01
8.016031e-01,-1.227604e+00
8.322785e-01,-1.278502e+00
-6.412169e-01,1.430401e+00
-6.375514e-01,1.039914e+00
1.723387e+00,9.294648e-01
7.765020e-01,-1.783429e+00
1.026140e+00,9.363310e-01
1.624985e+00,8.692672e-01
1.704637e+00,9.394110e-01
6.401718e-01,-1.811471e+00
1.445846e+00,1.240944e+00
1.213039e+00,1.578823e+00
6.806930e-01,-1.821119e+00
5.789201e-01,-1.838422e+00
1.369905e+00,1.320501e+00
1.609178e+00,9.466506e-01
1.595353e+00,8.548066e-01
1.756401e+00,6.400446e-01
7.222355e-01,-1.754986e+00
2.543294e-01,-1.580321e+00
2.236256e-01,-1.661918e+00
8.587029e-01,-1.730911e+00
5.812143e-01,-1.856670e+00
1.881266e+00,3.264534e-01
1.767064e+00,9.072250e-01
1.604931e+00,9.681315e-01
1.719428e+00,8.190345e-01
1.759107e+00,6.038808e-01
1.703717e+00,6.454823e-01
-1.555262e+00,-1.002987e+00
-1.356917e+00,-9.737384e-01
-9.739797e-01,1.231525e+00
-1.207346e+00,1.258706e+00
-1.007109e+00,8.912054e-01
-1.040515e+00,8.546793e-01
-7.420832e-01,-1.149898e+00
-5.974874e-01,-1.359939e+00
-5.142352e-01,-1.661279e+00
-5.247028e-01,-1.913815e+00
-4.799751e-01,-1.931763e+00
1.058571e-01,-1.402301e+00
1.164809e-01,-1.541281e+00
9.003468e-01,1.081899e+00
-6.612696e-01,-1.705003e+00
9.263674e-02,-1.248677e+00
1.943402e-01,-1.318132e+00
2.025442e-01,-1.372066e+00
-6.333294e-01,1.159279e+00
1.377053e+00,1.314580e+00
1.312516e+00,1.421099e+00
1.318506e+00,1.495926e+00
8.396479e-01,1.021474e+00
6.994309e-01,1.000092e+00
8.800851e-01,8.850782e-01
9.349292e-01,8.899868e-01
8.321107e-01,-1.336107e+00
-5.853988e-01,1.190413e+00
1.792053e+00,7.798792e-01
1.755971e+00,6.077345e-01
1.638993e+00,8.552770e-01
1.360349e+00,1.402709e+00
1.302549e+00,1.472623e+00
1.948808e-02,-1.693982e+00
-2.108549e-01,-1.779832e+00
-8.083751e-01,-1.663150e+00
-9.953708e-01,9.316356e-01
1.265849e-01,1.500556e+00
1.701315e+00,7.398070e-01
-9.425629e-01,1.433226e+00
6.090855e-01,-1.833589e+00
7.835716e-01,-1.746333e+00
1.781150e+00,6.445592e-01
1.917890e+00,5.286451e-01
7.151877e-01,-1.704141e+00
8.274194e-01,-1.765995e+00
1.616435e+00,1.090703e+00
1.529761e+00,9.952118e-01
1.606557e+00,8.310245e-01
1.596103e+00,1.033462e+00
1.882335e+00,3.054944e-01
1.677890e+00,8.008411e-01
1.805920e+00,6.336790e-01
1.805920e+00,6.336790e-01
1.795516e+00,5.212474e-01
1.873588e+00,3.955007e-01
1.953393e+00,3.455618e-01
1.554636e+00,8.903522e-01
1.865091e+00,3.662447e-01
1.952972e+00,3.330697e-01
-1.229342e+00,-7.933390e-01
8.864064e-02,-1.632651e+00
2.049605e-01,-1.586980e+00
1.168380e+00,1.586497e+00
1.609529e+00,1.170828e+00
1.560990e+00,1.001539e+00
-1.476870e-01,-1.329494e+00
1.721099e+00,6.010678e-01
-5.022458e-02,-1.381667e+00
2.090613e-01,-1.426122e+00
1.626459e+00,8.942657e-01
1.873912e+00,3.877028e-01
1.739779e+00,5.461767e-01
1.677573e+00,8.845163e-01
1.907914e+00,5.912600e-01
-4.470364e-01,-1.888675e+00
1.658076e+00,8.919752e-01
1.831765e+00,5.338827e-01
2.006686e-01,-1.392503e+00
1.933577e+00,4.891558e-01
3.278635e-02,-1.577372e+00
-1.971849e+00,1.234421e-01
2.376269e-01,-1.591399e+00
2.637778e-01,-1.527496e+00
2.761805e-01,-1.386381e+00
2.908640e-01,-1.544569e+00
2.113436e-04,-1.572485e+00
3.972251e-01,-1.655312e+00
-1.100605e+00,1.558447e+00
1.163157e-01,-1.737741e+00
2.357258e-01,-1.788534e+00
2.297141e-01,-1.717745e+00
-8.529907e-01,1.778872e+00
-5.541387e-01,1.495416e+00
1.882657e+00,3.387642e-01
-1.013870e+00,1.684290e+00
2.054907e-01,-1.495691e+00
-4.553407e-01,1.393621e+00
-3.386566e-01,1.357062e+00
-3.837078e-01,1.331010e+00
-1.247358e+00,-7.575583e-01
2.957851e-01,-1.499078e+00
-7.834127e-01,1.626493e+00
-9.907916e-01,1.670371e+00
-8.696347e-01,1.717417e+00
3.399871e-01,-1.620026e+00
-1.931286e+00,2.840095e-01
9.780425e-01,1.155262e+00
6.508055e-01,1.203858e+00
7.441896e-01,9.687669e-01
1.261047e-01,-1.605844e+00
2.959852e-01,-1.768879e+00
-9.585590e-01,1.478694e+00
-9.485231e-01,1.444386e+00
1.645987e+00,1.127771e+00
1.697905e+00,1.022564e+00
1.841876e+00,4.974840e-01
-6.089882e-01,-1.469420e+00
-5.601864e-01,-1.688200e+00
-6.414072e-01,-1.722106e+00
-3.953151e-01,-1.823045e+00
-2.614835e-01,-1.848350e+00
-3.363958e-01,-1.886787e+00
-2.174334e-01,1.412646e+00
-3.343039e-01,1.240504e+00
-4.230089e-01,1.237031e+00
-1.116892e+00,1.593847e+00
-9.008856e-01,1.527398e+00
-9.111529e-01,1.495641e+00
1.301192e-01,-1.373475e+00
2.376531e-01,-1.671530e+00
-1.983688e+00,2.064540e-01
-9.862664e-01,1.628632e+00
-7.257227e-01,1.470328e+00
2.259399e-01,-1.392711e+00
1.254620e+00,-1.506392e+00
-5.068170e-02,-1.557552e+00
-5.416170e-02,-1.548170e+00
-2.499630e-01,-1.586297e+00
7.151698e-02,-1.783779e+00
-1.305104e-01,-1.709537e+00
1.281366e-01,-1.946279e+00
-6.918752e-01,1.517769e+00
1.505459e-01,-1.429397e+00
-7.948174e-02,-1.425492e+00
7.330467e-02,-1.520880e+00
-9.882084e-01,1.607512e+00
1.651493e-01,-1.519232e+00
-2.490260e-01,1.351895e+00
-3.285716e-01,1.421392e+00
-2.849508e-01,1.555200e+00
-1.355486e-01,1.322811e+00
-1.892551e+00,7.409655e-02
-2.730317e-01,1.211775e+00
-1.314195e-01,1.308566e+00
-1.974587e+00,1.313070e-01
-3.620952e-01,1.487457e+00
-4.539201e-01,1.400828e+00
-5.268249e-01,1.306542e+00
-1.943402e+00,9.777211e-02
3.213251e-01,-1.792929e+00
-3.983472e-01,1.492850e+00
-4.302792e-01,1.250196e+00
-2.760120e-01,1.295917e+00
-2.022508e-01,1.278682e+00
1.447950e-02,1.091821e+00
2.610343e-01,1.815896e+00
-7.995221e-02,1.237084e+00
-5.235406e-01,1.402439e+00
-4.653226e-01,1.279008e+00
-2.517737e-01,1.415652e+00
-3.847346e-01,1.296717e+00
-1.642601e-01,1.074039e+00
1.241434e+00,-9.083468e-01
1.276732e+00,-1.000311e+00
-6.613217e-01,1.479373e+00
-1.399804e-01,1.301804e+00
-2.785699e-01,1.114682e+00
1.320760e+00,-1.076736e+00
1.389641e+00,-1.199250e+00
-3.653425e-01,1.554775e+00
-2.226500e-01,1.367657e+00
-1.437950e-01,1.333873e+00
-2.017581e-01,1.255428e+00
-1.416652e-01,1.011537e+00
-2.366437e-01,1.459172e+00
-3.438318e-01,1.358527e+00
-3.483673e-01,1.225953e+00
-1.041082e-01,1.084666e+00
-3.090453e-01,1.019568e+00
1.263861e+00,-9.698592e-01
1.850689e-01,-1.459778e+00
-5.688927e-01,1.463032e+00
-4.681955e-01,1.218286e+00
-3.111494e-01,-1.442186e+00
-1.689628e-01,-1.639849e+00
1.715815e-01,-1.943406e+00
-1.439950e-01,-1.869422e+00
1.693359e-01,-1.885824e+00
-7.789317e-02,-1.864340e+00
3.403291e-01,-1.512983e+00
-6.057877e-01,1.521580e+00
-2.172194e-01,1.407507e+00
-3.098298e-01,1.375892e+00
-4.069598e-01,1.407463e+00
-3.541901e-01,1.331606e+00
-3.678780e-01,1.398417e+00
-2.253014e-01,1.212203e+00
-3.078380e-01,1.109891e+00
-5.147317e-02,1.143997e+00
-2.741641e-01,1.134562e+00
-1.118717e+00,-1.130776e+00
-3.859976e-01,1.129008e+00
8.888616e-01,9.236889e-01
1.033326e+00,9.408051e-01
1.141615e+00,8.307611e-01
1.308074e+00,1.355312e+00
5.529316e-01,-9.547194e-01
-4.712015e-02,1.070680e+00
-1.245385e-01,-1.361183e+00
2.286538e-02,-1.273212e+00
-5.113639e-01,1.498774e+00
-3.347142e-01,1.383838e+00
-3.322342e-01,1.309815e+00
-3.623211e-02,1.155848e+00
-5.941435e-02,1.062020e+00
-1.879634e-01,1.073820e+00
-2.333602e-01,1.430819e+00
-1.989612e-01,1.844301e+00
-4.787858e-01,1.234045e+00
-2.430948e-01,1.229750e+00
-1.665529e-01,1.288199e+00
3.622050e-02,1.033857e+00
-7.525859e-01,-9.444514e-01
5.755999e-01,1.823759e+00
-5.413166e-02,1.177932e+00
-1.755242e-01,9.961809e-01
-1.080474e-02,1.019727e+00
-9.722545e-01,1.519654e+00
-1.400898e+00,-1.202291e+00
-4.068232e-01,1.512020e+00
-3.216518e-01,-1.444453e+00
-2.231778e-01,-1.487240e+00
-2.550109e-01,-1.684906e+00
-3.749962e-01,-1.586975e+00
1.843088e-01,1.976838e+00
3.067564e-01,1.631827e+00
-8.867163e-01,1.612885e+00
-9.040349e-01,1.558009e+00
-1.050063e+00,-1.437385e+00
-7.357755e-01,-9.710595e-01
3.973441e-01,1.749848e+00
3.879941e-01,1.642284e+00
4.919162e-01,1.776861e+00
3.936774e-01,1.753592e+00
-9.465051e-01,1.582254e+00
-9.259294e-01,1.593283e+00
-1.148121e+00,-1.094518e+00
-1.392301e+00,-1.132155e+00
-1.073135e+00,-1.157170e+00
-1.093345e+00,-1.226257e+00
-1.337647e+00,-1.218117e+00
-2.794918e-01,1.437176e+00
-3.534930e-01,1.245570e+00
-3.048121e-01,1.163257e+00
1.323500e+00,-1.094194e+00
-9.510066e-01,1.514641e+00
-6.514743e-01,-9.491496e-01
2.877176e-01,1.970667e+00
5.316799e-01,1.882222e+00
4.868017e-01,1.759578e+00
-7.491574e-01,1.598282e+00
5.182316e-01,1.668007e+00
-1.056550e+00,1.512584e+00
-9.111168e-01,1.466944e+00
-1.294822e+00,-1.164036e+00
-1.299108e+00,-1.276900e+00
-1.277154e-01,1.146247e+00
5.269348e-01,1.838645e+00
-1.414158e+00,-1.181696e+00
-1.201464e+00,-1.436590e+00
-9.694644e-01,-1.439324e+00
-9.591768e-02,1.175902e+00
1.381868e+00,-1.168393e+00
2.750923e-02,1.082152e+00
4.346052e-01,1.711355e+00
1.337286e+00,-1.103104e+00
8.665658e-01,-1.408524e+00
1.752626e+00,-7.245071e-01
-1.258117e-01,-1.752665e+00
1.426478e+00,-1.267432e+00
4.411309e-01,1.853127e+00
3.307820e-01,1.877338e+00
5.497338e-01,1.792963e+00
2.158776e-01,1.837760e+00
4.111821e-01,1.804470e+00
1.564985e+00,9.749258e-01
-8.835069e-01,1.693666e+00
-6.673000e-01,1.474344e+00
5.764646e-01,1.843797e+00
1.599387e-01,1.956154e+00
-8.810283e-01,1.484969e+00
-1.906113e+00,3.553907e-01
-4.497807e-01,-9.719515e-01
6.477035e-01,1.686796e+00
2.352065e-01,1.831031e+00
-9.963913e-01,-1.272665e+00
-1.008771e+00,-1.403014e+00
-1.030154e+00,-1.528514e+00
5.589135e-01,-1.484285e+00
-2.453994e-01,1.195052e+00
-2.080783e-01,1.087112e+00
1.253390e+00,-9.388953e-01
1.864128e-01,1.813471e+00
3.392450e-01,1.950144e+00
-8.981111e-01,1.545721e+00
-1.380478e+00,-1.259613e+00
-1.210575e+00,-1.315607e+00
7.019697e-01,-1.498669e+00
3.300284e-01,1.969856e+00
-1.354901e+00,-1.159364e+00
-1.318866e+00,-1.225853e+00
-1.044480e+00,-1.447306e+00
4.161038e-01,-1.560010e+00
1.472148e-01,1.983351e+00
-6.808183e-01,-9.926506e-01
-1.278270e+00,-1.405513e+00
-1.067157e+00,-1.519473e+00
-1.100249e+00,-1.532334e+00
6.506873e-01,-1.526660e+00
4.297831e-01,-1.516872e+00
-6.959933e-01,-9.653799e-01
-7.883822e-01,-9.025034e-01
3.735254e-01,1.930239e+00
4.301444e-01,1.647022e+00
-9.393320e-01,1.725871e+00
-1.203406e+00,-1.157093e+00
-1.130813e+00,-1.168493e+00
-1.122036e+00,-1.332020e+00
6.635731e-01,-1.542115e+00
5.710180e-01,1.765186e+00
-8.365514e-01,1.476537e+00
-1.213912e+00,-1.361888e+00
-1.201898e+00,-1.344996e+00
-1.252819e+00,-1.457530e+00
4.423954e-01,-1.520741e+00
1.697330e-01,1.907618e+00
-1.365375e+00,-1.178877e+00
6.179769e-01,1.679587e+00
-1.210030e+00,-1.412800e+00
6.999127e-01,-1.490729e+00
6.570614e-01,-1.587095e+00
-6.535128e-01,-9.397306e-01
-9.551020e-01,-1.435969e+00
-1.161312e+00,-1.127802e+00
-1.287999e+00,-1.229701e+00
-1.008277e+00,-1.276425e+00
-1.253527e+00,-1.329030e+00
4.366638e-01,1.822267e+00
2.628198e-01,1.746939e+00
-1.093032e+00,-1.202738e+00
5.004777e-01,-1.552043e+00
5.872426e-01,-1.681545e+00
7.418138e-01,-1.559989e+00
-9.465295e-01,1.555666e+00
-8.989540e-01,1.504018e+00
-1.093912e+00,-1.214961e+00
-1.230316e+00,-1.369796e+00
7.888894e-01,-1.612039e+00
3.010161e-01,1.826431e+00
3.244463e-01,1.864122e+00
4.788634e-01,1.800046e+00
5.112593e-01,1.699493e+00
8.028502e-02,1.990838e+00
-1.359848e+00,-1.147536e+00
-1.180805e+00,-1.201003e+00
-1.361147e+00,-1.259975e+00
-1.269454e+00,-1.434252e+00
-1.108737e+00,-1.460958e+00
6.248665e-01,-1.530819e+00
-1.359455e+00,-1.244206e+00
-1.091321e+00,-1.339089e+00
7.314571e-01,-1.648112e+00
-7.483834e-01,1.538992e+00
-1.940280e-01,1.354371e+00
-1.132270e+00,-1.118942e+00
-1.129934e+00,-1.275841e+00
-8.955601e-01,-1.502860e+00
-1.142720e+00,-1.496981e+00
5.978763e-01,-1.601662e+00
5.118420e-01,-1.714193e+00
6.731066e-01,-1.610906e+00
4.709236e-01,1.748774e+00
-1.256891e+00,-1.196764e+00
-7.706793e-01,-1.806353e+00
7.322032e-01,-1.562579e+00
3.916032e-01,1.717938e+00
-9.085241e-01,1.474837e+00
-1.144622e+00,-1.484967e+00
5.363193e-01,-1.541358e+00
-1.046202e+00,-1.456405e+00
4.100598e-01,-1.533438e+00
4.479229e-01,-1.526077e+00
5.523035e-01,-1.585459e+00
6.108503e-01,-1.553405e+00
7.181147e-01,-1.597257e+00
5.125615e-01,-1.591866e+00
8.174315e-01,-1.050289e+00
8.163036e-01,-1.197445e+00
7.723536e-01,-1.142202e+00
9.362860e-01,-1.230931e+00
6.780657e-01,-1.326620e+00
8.534421e-01,-1.263590e+00
1.882034e-01,1.865267e+00
-1.101098e+00,-1.094800e+00
-1.105860e+00,-1.196320e+00
4.852702e-01,-1.483335e+00
4.773145e-01,-1.424619e+00
-1.248319e+00,-1.160082e+00
-1.026606e+00,-1.477820e+00
-1.186544e+00,1.116327e+00
-1.223279e+00,1.064660e+00
5.763575e-01,-1.438400e+00
6.764861e-01,-1.404097e+00
-1.127501e+00,-1.454041e+00
7.636589e-01,-1.659818e+00
5.254023e-01,-1.412247e+00
4.837695e-01,-1.639153e+00
7.822664e-01,-1.677606e+00
-1.151484e+00,1.169688e+00
4.372880e-01,-1.649546e+00
5.150142e-01,-1.684523e+00
-8.100508e-01,-1.770924e+00
-1.358669e+00,1.320292e+00
8.199648e-01,-1.647078e+00
5.586235e-01,-1.432736e+00
5.444590e-01,-1.427291e+00
7.899861e-01,-1.627234e+00
-2.866869e-01,1.210313e+00
-3.075771e-01,1.156368e+00
4.463497e-01,1.906212e+00
5.923812e-01,1.840928e+00
-1.241461e+00,1.107972e+00
-8.872982e-01,1.101643e+00
-1.028444e+00,9.519882e-01
-1.170875e+00,-1.302866e+00
-1.320988e+00,-1.371984e+00
5.901727e-01,-1.609754e+00
5.108006e-01,-1.616589e+00
-6.900827e-01,-1.774675e+00
-1.077569e+00,1.004548e+00
8.013026e-01,-1.678615e+00
7.291979e-01,-1.861023e+00
1.716005e+00,9.343318e-01
1.819560e+00,3.876179e-01
-1.153008e+00,1.061259e+00
1.779898e+00,-5.515286e-01
7.693525e-02,1.778524e+00
2.145950e-01,1.634882e+00
1.709081e+00,-9.936383e-01
-1.208780e+00,1.248314e+00
-1.132147e+00,1.276639e+00
-1.154635e+00,1.041891e+00
-1.062821e+00,9.962419e-01
-8.180083e-01,1.024501e+00
-1.028433e+00,1.166307e+00
-1.159191e+00,9.574811e-01
-9.197022e-01,9.157158e-01
5.078263e-01,-1.726947e+00
1.641398e+00,-4.816773e-01
-9.375985e-01,1.205359e+00
3.973272e-01,1.280961e+00
-9.115864e-01,1.135651e+00
-9.538503e-01,9.944146e-01
-9.342149e-01,9.567230e-01
-7.645972e-01,9.494648e-01
2.244881e-01,1.314361e+00
1.358929e-01,1.282346e+00
1.112885e-01,1.299239e+00
1.694523e+00,-5.450040e-01
1.818203e+00,-8.192719e-01
2.873712e-01,1.162033e+00
5.088452e-01,1.148983e+00
2.659757e-01,9.978646e-01
2.079746e-01,1.397660e+00
4.645296e-02,1.981189e+00
3.271958e-01,1.030875e+00
-1.103391e+00,1.261442e+00
-1.179583e+00,1.113990e+00
-8.687633e-01,9.632009e-01
-8.274235e-01,1.003643e+00
2.800664e-01,1.351069e+00
-1.120100e+00,1.080120e+00
3.832551e-01,1.329193e+00
-1.194887e+00,1.265623e+00
-1.169756e+00,1.060453e+00
-7.327436e-01,9.382728e-01
-3.651660e-02,1.148199e+00
-9.370928e-01,1.124926e+00
-1.160579e+00,1.048885e+00
-1.047059e+00,1.230137e+00
-1.044278e+00,9.133214e-01
4.118984e-01,1.192527e+00
5.869774e-01,9.770121e-01
-8.694740e-01,-1.048227e+00
-1.134788e+00,1.190324e+00
-1.156651e+00,1.016688e+00
3.816998e-01,1.342157e+00
2.634610e-01,1.262142e+00
4.779711e-01,1.272136e+00
1.678774e-01,1.105215e+00
-9.142668e-01,1.041317e+00
1.821862e+00,-6.560147e-01
5.231884e-02,1.910852e+00
1.595649e-01,1.628537e+00
2.127281e-01,1.290367e+00
4.524585e-01,1.178223e+00
3.592373e-01,1.196154e+00
-4.425605e-02,1.955983e+00
3.525240e-01,1.395679e+00
-1.124566e+00,1.129259e+00
-1.248129e+00,1.164911e+00
-9.295138e-01,1.248891e+00
-9.351712e-01,9.678933e-01
2.344988e-01,1.425667e+00
1.521748e-01,1.251609e+00
1.130974e-01,1.308945e+00
5.851503e-02,1.967898e+00
-1.172458e+00,-8.070412e-01
1.825715e+00,-5.512050e-01
4.362656e-01,1.143087e+00
-9.339869e-01,-1.013825e+00
2.338314e-01,1.192761e+00
2.962888e-01,1.051060e+00
5.915806e-01,9.969117e-01
1.833240e+00,-4.418065e-01
-9.931431e-01,-9.165337e-01
2.369886e-01,1.701010e+00
4.675236e-01,1.086647e+00
1.613351e+00,-7.587521e-01
1.706527e+00,-9.642732e-01
4.041160e-01,1.130479e+00
3.948341e-01,9.868906e-01
-9.864071e-01,9.599415e-01
-1.016500e+00,9.132931e-01
-1.281313e+00,-7.954488e-01
-9.356727e-01,-1.127899e+00
-8.627571e-01,-1.214639e+00
-1.216827e+00,-8.368129e-01
1.798541e+00,-8.441477e-01
1.736546e+00,-9.113562e-01
1.379361e-01,1.161203e+00
2.888989e-01,1.157497e+00
2.888989e-01,1.157497e+00
1.731175e+00,-6.438100e-01
3.866618e-03,1.896442e+00
1.018158e-01,1.830390e+00
-8.405747e-01,-9.772352e-01
1.757790e+00,-5.990103e-01
2.267322e-01,1.475172e+00
3.622886e-01,1.336260e+00
5.130557e-01,1.081680e+00
-8.183707e-01,1.051206e+00
7.795407e-04,1.386658e+00
8.068774e-02,1.743288e+00
1.729245e+00,-8.369675e-01
1.741730e+00,-8.589845e-01
4.470161e-01,1.131916e+00
1.387977e+00,-7.159606e-01
-1.625738e+00,5.354471e-01
-1.602620e-01,1.454991e+00
1.167217e-02,1.241670e+00
1.768949e+00,-7.487005e-01
1.771150e+00,-6.339779e-01
1.693447e+00,-7.520496e-01
1.657943e+00,-8.401008e-01
2.272090e-01,1.059358e+00
-1.165801e+00,-8.324354e-01
-1.008913e+00,-9.552546e-01
-9.433243e-01,1.584895e+00
1.614530e+00,-7.842068e-01
1.589717e+00,-7.030291e-01
6.521316e-02,1.833085e+00
2.253501e-01,1.569423e+00
1.701096e+00,-7.576315e-01
3.115963e-01,1.519172e+00
1.804363e+00,-6.789970e-01
1.670956e+00,-8.312112e-01
1.817820e+00,-6.276857e-01
1.790990e+00,-5.676152e-01
1.965099e+00,-3.565929e-01
-1.184887e+00,-8.944133e-01
-1.013802e+00,-1.008065e+00
-1.030290e+00,-1.137768e+00
1.601814e+00,-6.563045e-01
8.192545e-02,1.807690e+00
1.666628e+00,-8.626295e-01
2.754176e-01,1.151022e+00
1.717892e-01,1.718269e+00
2.085325e-01,1.716585e+00
1.685452e+00,-8.314368e-01
5.276188e-01,1.132979e+00
-1.200434e+00,-8.018446e-01
1.789492e+00,-8.105590e-01
-1.083809e+00,-1.050320e+00
-9.192932e-01,-9.501594e-01
-1.058125e+00,-9.688452e-01
5.068039e-01,1.119245e+00
-9.186760e-01,-1.140882e+00
1.513159e+00,-6.079131e-01
1.909123e+00,-5.472609e-01
1.901341e-01,-1.344807e+00
1.103046e-01,-1.391975e+00
1.678620e+00,8.121689e-01
1.765015e-01,1.788022e+00
1.730388e+00,-8.478336e-01
-8.361890e-01,-1.210257e+00
1.850114e+00,-3.861199e-01
-1.113842e+00,-9.308839e-01
-1.216061e+00,-8.668554e-01
-8.285695e-01,-9.860856e-01
-1.091057e+00,-1.056337e+00
-8.118712e-01,-1.087908e+00
-1.028202e+00,-1.185071e+00
-1.707361e-01,1.620881e+00
3.474744e-02,1.136859e+00
-1.058572e+00,-9.037905e-01
1.446631e+00,-6.380500e-01
-6.642657e-01,-1.162450e+00
-2.354448e-01,1.548502e+00
-5.573174e-02,1.474220e+00
-1.080937e+00,-1.038348e+00
3.450803e-01,1.199248e+00
3.657804e-01,1.016296e+00
5.967600e-01,1.029170e+00
1.743750e+00,-5.581394e-01
-1.077332e+00,-8.234313e-01
-1.097988e+00,-1.077724e+00
1.682266e+00,-5.701341e-01
4.723483e-01,1.201922e+00
2.019916e-01,1.216441e+00
5.072851e-01,1.201599e+00
3.461385e-01,9.932217e-01
-1.447693e+00,6.528784e-01
3.112118e-01,1.098988e+00
-9.271579e-01,-8.803521e-01
-9.452172e-01,-8.954941e-01
-9.451661e-01,-8.711770e-01
-9.741860e-01,-9.729163e-01
-9.313396e-01,-9.943303e-01
-1.197818e-01,1.488047e+00
1.280003e-01,1.064769e+00
7.216503e-01,-1.658570e+00
6.597312e-01,-1.683179e+00
1.835308e+00,-5.002984e-01
3.243466e-01,1.294031e+00
2.387215e-01,1.114435e+00
3.497876e-01,1.010860e+00
-1.081636e+00,-1.064630e+00
-8.395862e-01,-1.100093e+00
-1.001730e+00,-1.165923e+00
-8.324893e-01,-1.220902e+00
1.055910e-02,1.342544e+00
-1.707055e+00,6.752512e-01
-1.545216e+00,6.975561e-01
-1.703277e+00,5.347756e-01
-1.126146e+00,-8.706918e-01
-1.018975e+00,-8.489023e-01
-1.173597e+00,-9.695486e-01
-8.526327e-01,-1.174528e+00
-1.171606e+00,-9.029704e-01
-1.134256e+00,-9.665579e-01
-9.913213e-01,-1.013477e+00
-8.205793e-01,-1.015092e+00
-7.556471e-01,-1.066608e+00
-9.458643e-01,-1.000583e+00
-1.559751e+00,5.768246e-01
-1.083865e-01,1.533280e+00
-9.709299e-02,1.404184e+00
-2.763756e-01,1.366248e+00
-1.548138e-01,1.426713e+00
-7.354289e-02,1.462730e+00
-1.502210e-01,1.411153e+00
1.694663e+00,5.737763e-01
-1.624493e+00,5.540562e-01
-9.882877e-02,1.431660e+00
1.919650e+00,-2.697174e-01
1.863674e+00,-3.203321e-01
2.822319e-01,1.082827e+00
1.431868e+00,-6.405624e-01
1.938710e+00,-4.593468e-01
-9.604519e-01,-1.147360e+00
1.424805e-01,1.065269e+00
-9.165771e-01,1.770527e+00
1.472577e-01,-1.413539e+00
8.904702e-02,-1.619160e+00
-1.980463e+00,1.265635e-01
-1.849912e-01,1.519291e+00
-6.402802e-02,1.383525e+00
2.307404e-02,1.158058e+00
1.148176e-01,1.002433e+00
1.213625e-02,1.965590e+00
1.668605e+00,-8.913173e-01
1.437488e+00,6.620312e-01
1.698741e+00,5.661288e-01
1.859337e+00,2.142069e-01
1.893761e+00,-2.631106e-01
-1.147255e+00,-9.679779e-01
-8.640912e-01,-9.952502e-01
-8.209287e-01,-9.773304e-01
-8.408025e-01,-1.105934e+00
-8.710977e-01,-1.130059e+00
-6.825650e-01,-1.154091e+00
-1.680249e+00,5.031845e-01
-9.829626e-03,1.228500e+00
-2.071986e-01,1.594870e+00
-1.970553e-01,1.493518e+00
1.647876e+00,5.705947e-01
-1.687127e+00,6.835312e-01
-1.011731e-01,1.510469e+00
5.145439e-02,1.206754e+00
-1.116007e+00,-8.498665e-01
2.037849e-02,1.258733e+00
-1.703068e-01,1.426921e+00
1.238429e+00,-8.888343e-01
-1.653668e-01,1.117093e+00
-1.653668e-01,1.117093e+00
-8.675617e-01,9.173985e-01
1.343901e-01,1.097110e+00
1.680704e+00,6.256004e-01
1.792096e+00,4.079940e-01
1.886226e+00,2.163398e-01
1.935917e+00,-2.393258e-01
-9.885835e-01,-1.241561e+00
-1.549326e+00,7.025775e-01
1.564182e+00,6.220562e-01
1.727498e+00,4.216418e-01
-3.235246e-01,1.512888e+00
-4.876912e-01,1.280437e+00
-1.829318e-01,1.245100e+00
1.767773e+00,4.539518e-01
1.877160e+00,6.853126e-02
1.880838e+00,1.613934e-01
-1.117067e+00,-8.250973e-01
-8.465992e-01,-9.185958e-01
-9.238464e-01,-9.651107e-01
-1.064648e+00,-1.024777e+00
-8.331204e-01,-9.997583e-01
-8.981325e-01,-1.044426e+00
-1.746039e+00,5.480721e-01
-1.828186e-01,1.462268e+00
-1.060671e-01,1.489478e+00
1.661169e+00,5.573925e-01
1.677720e+00,4.788981e-01
1.906554e+00,2.012530e-01
-1.666915e-01,1.505021e+00
-1.028987e-01,1.548278e+00
6.668304e-02,1.105159e+00
1.582157e-01,1.066401e+00
1.664528e+00,-6.421267e-01
2.771915e-01,1.611118e+00
1.796286e+00,-8.295153e-01
1.752177e+00,-9.193378e-01
4.415076e-01,1.044917e+00
1.493755e+00,-6.009955e-01
1.626846e+00,5.605984e-01
1.626290e+00,5.529303e-01
1.849279e+00,2.404801e-01
-7.555266e-01,-9.353288e-01
-6.634466e-01,-9.572165e-01
-1.777717e-02,1.384722e+00
-8.041918e-01,1.508074e+00
-9.989672e-01,1.472960e+00
-8.989420e-01,1.528603e+00
-8.339229e-01,1.531985e+00
-1.070572e+00,-1.358093e+00
-1.311747e+00,-1.367803e+00
-1.075259e+00,-1.445639e+00
-1.218946e+00,-1.253801e+00
7.011699e-01,-1.460633e+00
5.188976e-01,-1.524319e+00
-8.745846e-01,-9.139883e-01
-1.229265e+00,-8.559265e-01
1.755965e+00,-3.786897e-01
1.598641e-01,1.974690e+00
4.263768e-01,1.738483e+00
5.721332e-01,1.688236e+00
-8.115588e-01,1.670412e+00
-9.814319e-01,1.532623e+00
-8.906117e-01,1.477990e+00
-1.447250e+00,-1.160803e+00
-1.261968e+00,-1.178725e+00
-1.198870e+00,-1.120154e+00
-1.251587e+00,-1.452329e+00
-1.187494e+00,-1.509941e+00
1.722388e+00,-4.230516e-01
1.589701e+00,-5.915689e-01
1.567674e-01,1.825380e+00
1.750400e+00,-8.644580e-01
1.747276e+00,-9.736183e-01
4.287422e-01,1.179797e+00
-9.122348e-01,-1.465874e+00
6.997981e-01,-1.633667e+00
1.440994e+00,-6.934474e-01
3.360974e-02,1.174497e+00
7.867288e-02,1.104856e+00
1.348663e-01,9.981758e-01
4.298268e-01,1.297149e+00
1.666860e+00,6.299301e-01
1.925038e+00,6.446013e-02
1.885442e+00,-2.362640e-01
1.925847e+00,-2.746543e-01
1.771837e+00,-5.737090e-01
2.711011e-01,1.530578e+00
1.157774e+00,-1.512003e+00
8.322161e-01,-1.068110e+00
7.816014e-01,-1.111139e+00
7.634571e-01,-1.256773e+00
-2.338582e-01,-1.417881e+00
-1.946802e-01,-1.570907e+00
-1.684947e-02,-1.628987e+00
-1.684947e-02,-1.628987e+00
-1.307792e-01,-1.838802e+00
1.233575e-01,-1.902656e+00
-9.184027e-01,-8.723324e-01
-1.121315e+00,-9.166273e-01
-8.425127e-01,-1.115967e+00
-1.766301e+00,8.154536e-01
-2.141426e-01,1.590051e+00
1.494696e-01,1.509535e+00
1.502306e+00,6.084093e-01
1.684993e+00,5.673063e-01
1.597884e+00,5.391154e-01
1.686435e+00,4.760898e-01
1.768169e+00,4.389342e-01
1.302483e+00,7.628344e-01
9.719797e-01,1.018698e+00
1.295858e+00,1.422125e+00
1.894303e+00,4.490844e-01
1.959420e-02,-1.555431e+00
-3.876467e-01,1.366783e+00
-1.512040e-01,1.220641e+00
-1.285546e+00,-1.219725e+00
-1.134325e+00,-1.265027e+00
6.382938e-01,-1.396099e+00
-9.662501e-01,1.232144e+00
-1.039075e+00,8.702733e-01
-8.428215e-01,9.544896e-01
-9.168624e-01,9.127123e-01
1.179235e-01,1.823950e+00
1.659939e+00,-8.579732e-01
3.067057e-01,1.149431e+00
6.048235e-01,1.011226e+00
1.953511e+00,-4.299206e-01
-1.111625e+00,-8.639156e-01
-9.728415e-01,-9.932883e-01
-9.586104e-01,-1.103149e+00
1.621521e+00,5.751452e-01
1.760630e+00,4.030877e-01
1.763747e+00,3.943579e-01
1.811904e+00,3.112341e-01
1.987574e+00,-2.291633e-01
2.000534e+00,1.280645e-02
1.725524e+00,4.663731e-01
7.999715e-01,-1.048656e+00
1.876708e+00,-1.586088e-01
-1.125248e+00,-1.496295e+00
7.858937e-01,1.098678e+00
-1.386962e+00,8.490375e-01
1.494753e+00,-1.004821e+00
1.903610e+00,-3.318419e-01
1.367993e+00,-1.298690e+00
1.960852e+00,-2.795681e-01
1.121417e+00,9.113585e-01
1.266929e+00,-9.504920e-01
-8.893642e-01,1.260873e+00
1.607667e+00,-9.971840e-01
-1.376093e+00,1.060104e+00
2.574631e-01,-1.922524e+00
-9.037473e-01,-1.535856e+00
-1.165778e+00,9.509109e-01
-3.924929e-01,-1.418270e+00
1.985517e+00,-1.915365e-01
1.905269e+00,-7.699715e-02
1.121449e-01,-1.636356e+00
1.240223e+00,-1.041008e+00
1.559856e+00,-1.031033e+00
1.983103e+00,-2.477028e-01
1.034292e+00,-1.707051e+00
2.923096e-01,-1.598529e+00
1.617672e+00,5.990182e-01
1.709054e+00,5.184729e-01
-1.837328e+00,-2.603251e-01
-1.644926e-01,1.447518e+00
1.958697e+00,-4.324303e-02
6.435674e-01,-1.437371e+00
-2.578141e-01,1.606483e+00
-1.305245e+00,1.403393e+00
-1.360889e-01,-1.555437e+00
1.087212e+00,9.373169e-01
3.713947e-01,1.897809e+00
1.387706e+00,8.961109e-01
1.422887e+00,-1.244323e+00
1.717718e+00,8.579878e-01
1.529323e+00,1.179252e+00
1.961471e+00,-2.245933e-01
-8.535461e-01,1.757883e+00
-7.912572e-01,-1.727919e+00
-1.641293e-01,1.818158e+00
-1.088920e+00,-9.475293e-01
1.611322e-01,-1.757822e+00
3.751567e-01,1.521558e+00
5.015570e-01,-1.726918e+00
1.126867e+00,-1.224670e+00
-8.809401e-01,1.273969e+00
-1.070677e+00,1.455558e+00
-9.868951e-02,1.491108e+00
-9.868951e-02,1.491108e+00
9.808449e-01,-1.035632e+00
-8.563532e-02,-1.425081e+00
6.428227e-01,-9.813203e-01
1.703428e+00,5.276581e-01
1.103637e+00,8.788556e-01
-9.426213e-02,1.428277e+00
1.565251e+00,7.223326e-01
1.258281e+00,1.394502e+00
6.639574e-01,-1.229201e+00
-7.991859e-01,1.778052e+00
3.196363e-01,1.677462e+00
-1.464763e+00,6.821560e-01
8.887284e-01,1.279510e+00
-1.565086e-01,1.840443e+00
5.701921e-01,1.597140e+00
-2.921908e-01,-1.011944e+00
7.952397e-02,1.076382e+00
1.464425e+00,8.233884e-01
-7.641185e-01,1.653884e+00
5.317458e-01,-1.439669e+00
1.790588e-02,-1.194512e+00
1.870517e+00,-6.264097e-01
8.550444e-01,9.788558e-01
-1.422249e+00,8.692788e-01
1.614194e+00,8.361992e-01
-7.794471e-01,-1.447392e+00
-4.793282e-01,1.705956e+00
-1.808573e+00,2.858170e-01
1.203492e-01,-1.081277e+00
1.766120e+00,-3.397210e-01
7.662090e-01,-1.282577e+00
-1.774325e+00,-5.253850e-01
-1.946148e+00,7.670093e-02
8.203767e-01,-1.207488e+00
8.087022e-01,1.097524e+00
-1.392915e-02,-1.650330e+00
-6.037993e-01,1.638225e+00
-1.479715e+00,-6.234755e-01
-5.832306e-02,1.149268e+00
1.006415e+00,8.936651e-01
-1.580216e+00,1.095628e+00
-9.985257e-01,1.645164e+00
1.892229e+00,2.463948e-01
1.389697e+00,-8.326371e-01
8.074336e-01,1.470723e+00
7.555043e-01,1.110994e+00
-6.722825e-01,-1.507978e+00
-9.589283e-01,-1.274604e+00
-1.384279e+00,1.386801e+00
-1.945525e+00,1.665529e-01
-1.939455e+00,-1.790275e-01
1.684144e+00,-8.511893e-01
4.647689e-01,1.597621e+00
1.247278e+00,-1.243440e+00
1.990869e+00,9.117551e-02
-8.076725e-01,-9.638180e-01
-3.479722e-01,-1.354252e+00
1.129482e+00,1.628479e+00
1.387465e+00,-1.213934e+00
-2.536216e-01,-1.591818e+00
8.262592e-01,1.288187e+00
7.129480e-02,1.994170e+00
8.036521e-01,-1.123418e+00
-2.934984e-01,-1.804833e+00
-2.864201e-01,-1.910395e+00
-9.107703e-01,-1.242493e+00
1.087517e+00,9.383406e-01
-1.940423e+00,4.139568e-01
1.889360e+00,5.003960e-01
7.028897e-01,-1.703844e+00
1.950634e+00,-2.154202e-02
5.970689e-01,1.607566e+00
-9.345885e-01,-1.365673e+00
-9.345885e-01,-1.365673e+00
1.293719e+00,1.100927e+00
1.293719e+00,1.100927e+00
1.431735e+00,-6.667549e-01
-8.901972e-02,-1.902208e+00
7.108877e-01,1.612090e+00
1.440373e+00,6.475827e-01
-1.137211e+00,1.273622e+00
-5.339593e-01,-1.099540e+00
-6.143150e-01,-1.198187e+00
4.387534e-01,-1.053328e+00
-1.091839e+00,-1.027062e+00
-1.022488e+00,9.021955e-01
1.517596e+00,-6.021195e-01
1.401878e+00,-9.741876e-01
2.197616e-01,1.498993e+00
2.197616e-01,1.498993e+00
-9.405093e-01,-1.599619e+00
1.071479e+00,-1.301782e+00
-5.241823e-01,-1.641699e+00
3.944388e-01,-1.299641e+00
-1.882445e+00,5.096843e-01
1.062681e-01,-1.633965e+00
-5.501320e-01,-1.789906e+00
-1.384385e+00,-9.284875e-01
-1.026504e+00,-1.215235e+00
4.745802e-01,-1.869061e+00
2.868894e-02,-1.357496e+00
1.075387e+00,-8.182831e-01
2.750546e-01,-1.889562e+00
-1.032471e+00,1.312840e+00
6.827589e-01,-1.875126e+00
1.185997e+00,-1.542938e+00
1.694377e+00,4.965037e-01
-1.588130e+00,1.197063e+00
-1.281692e-01,1.463087e+00
1.849947e+00,1.818134e-01
1.897654e+00,-2.249287e-01
1.883550e+00,-3.304234e-01
6.353563e-01,-1.776661e+00
6.353563e-01,-1.776661e+00
1.939667e+00,-3.829549e-02
-4.421596e-02,-1.385708e+00
7.953449e-01,9.649122e-01
1.257195e+00,-7.820821e-01
-1.879011e+00,4.397487e-01
-7.242616e-02,-1.635512e+00
3.817343e-01,1.075926e+00
-5.796421e-01,1.111946e+00
1.794612e+00,-8.101867e-01
7.207809e-01,1.296884e+00
8.879466e-01,-1.535421e+00
1.814785e+00,-3.441980e-01
1.101070e-01,1.759458e+00
-1.915284e+00,-2.831943e-01
-1.918120e+00,-5.415291e-01
1.897283e+00,-3.155658e-02
1.121141e-01,1.660547e+00
6.159838e-01,-1.672858e+00
-1.195455e+00,-8.341470e-01
1.020871e+00,1.042280e+00
-2.294334e-01,1.591068e+00
1.507198e+00,-1.133461e+00
1.077198e+00,1.368703e+00
1.730615e+00,5.370884e-01
1.540090e+00,8.273957e-01
9.392741e-01,-1.210425e+00
-9.584191e-01,-1.140774e+00
8.376888e-01,-1.193707e+00
-8.834550e-01,1.442838e+00
9.934367e-01,1.421968e+00
2.711878e-02,1.703050e+00
1.905906e+00,5.424992e-02
1.906126e+00,-1.351833e-01
-4.550318e-01,-1.139230e+00
7.866266e-01,1.722326e+00
-3.443857e-01,-1.927061e+00
-2.661839e-01,-1.730381e+00
9.624749e-01,-1.213543e+00
1.093421e+00,-1.074379e+00
-1.844602e+00,3.294277e-01
6.030132e-01,1.024235e+00
6.030132e-01,1.024235e+00
-2.848202e-01,-1.844693e+00
-5.973217e-01,-1.531233e+00
-1.349670e+00,7.173002e-01
8.169877e-01,1.594203e+00
-4.591894e-01,-1.303845e+00
-3.858665e-01,-1.406462e+00
-1.341324e+00,-1.433346e+00
-1.005089e+00,1.450386e+00
7.044897e-01,-1.766441e+00
6.327068e-01,-1.759820e+00
4.460097e-01,-1.054164e+00
-2.989996e-01,-1.261768e+00
7.233521e-01,-1.811044e+00
1.514392e+00,8.795226e-01
-6.143309e-01,1.115645e+00
1.229949e+00,-8.565498e-01
-1.665065e+00,-9.600975e-01
6.981873e-01,1.380825e+00
-7.234896e-01,-1.750444e+00
-4.724692e-01,-1.788136e+00
5.168039e-02,1.157306e+00
1.963753e+00,-1.684913e-01
-3.887064e-01,-1.267749e+00
-3.887064e-01,-1.267749e+00
-8.348014e-01,-1.357584e+00
3.385410e-01,-1.446696e+00
1.569618e+00,-1.171611e+00
-1.169949e+00,7.945734e-01
-1.762722e+00,8.451441e-01
-4.673543e-01,-1.562503e+00
3.748393e-01,-1.458591e+00
9.893037e-01,-1.113049e+00
2.213493e-01,1.885691e+00
1.454332e-01,1.340600e+00
3.105087e-01,-1.721137e+00
-1.027539e+00,1.238403e+00
-1.566525e+00,7.292187e-01
5.260215e-01,-1.616655e+00
5.804899e-01,1.435266e+00
-9.550327e-01,9.428329e-01
5.828334e-01,-1.774711e+00
8.878561e-01,-1.537924e+00
5.176288e-01,-1.684603e+00
1.490567e+00,-6.353148e-01
6.729351e-02,-1.990634e+00
-3.494143e-01,-1.762086e+00
-7.763711e-01,1.223950e+00
1.209106e+00,1.036843e+00
1.209106e+00,1.036843e+00
-5.324790e-01,-1.462903e+00
1.904513e+00,6.467058e-02
3.812672e-01,-1.730086e+00
1.796091e+00,7.402040e-01
7.181623e-01,9.598148e-01
-2.926809e-01,-9.889304e-01
3.494203e-01,1.646417e+00
9.668080e-01,-1.749482e+00
5.084106e-01,1.886957e+00
-1.121223e-02,1.459299e+00
-1.040433e+00,1.344481e+00
-1.494132e-01,-1.527134e+00
