,v,R
404,35.121918728690574,10.17844814489282
4986,34.102965602976646,18.758622548829784
3103,45.8481242410188,6.833516745303558
697,61.58351485677932,12.621501697088654
1293,39.016946732733324,9.96876190062195
909,36.47461343271438,17.076002408342365
1588,40.616126945315756,17.281182107862907
227,17.623409567537532,18.67169081633364
4152,53.65784490648531,12.41090982864903
1378,74.73277372422605,5.474072252947584
361,61.91516183229711,19.626790300310766
1275,40.14974709335275,4.585410826405393
4987,64.19287807693057,9.288333645291287
3365,63.78853896442276,8.337720917943571
3224,55.33645791299103,13.035540792675798
1091,62.144686929206465,16.50291529536812
3290,43.07386272683911,14.317865180982327
1151,68.77839909206145,17.343259625473245
3575,70.5530155610261,17.055226550996608
3945,59.490138002381364,16.93748049835197
1224,49.370490462933894,19.479744120573315
222,33.11946115501045,8.14980918262091
3588,31.20256868895489,13.579569417168678
3449,37.36549208454751,6.6376999485424415
1303,58.673554100649795,12.067577983226812
4256,34.319810765606796,8.700899026896849
4032,73.62346139575419,4.207819682029648
2869,52.76075792926576,12.279930987666939
185,44.813990733173284,13.973235176785085
4420,65.5512385323523,12.770961628359409
4696,48.7774918252187,10.341495092394506
4460,45.362006149047716,4.4644711958241565
4636,48.614320368945684,16.133196162248886
1153,47.861854312168596,4.837110072381269
1371,64.22127689106694,14.97235292649358
1315,47.49338406962627,14.046422050283114
978,62.21427455842428,15.794810609189046
1271,52.479996081691425,9.966297137918488
57,54.43115838217922,11.615940632739928
2399,48.05070098286312,17.059858945765974
2184,33.05840728047989,15.224150679661262
4637,48.614320368945684,16.133196162248886
3327,61.13349823395773,17.778107237564672
950,39.53469372365824,18.041416284280228
226,24.363432596757683,11.91645357979082
4322,44.99147348951145,13.396222538048502
2149,58.22155135588335,18.531785351634806
2273,49.29762271259327,16.475664579891294
1547,38.60508695068079,18.22415987944261
194,51.72897617566608,15.154989140737092
1815,74.56542255469759,18.686401649923198
4984,29.38056425355287,18.12602062550146
2087,21.653280090290554,7.487185095149193
4575,36.810601780087474,19.654555442993775
1163,67.9157666364277,8.7938828904582
1205,57.610779427271616,10.675935740172127
977,44.246092462710465,7.558793001776793
651,41.76521512600893,5.910655872259159
212,71.45307572878485,14.21215289539566
406,45.45527989055192,19.02260230079704
3603,51.91712384145562,16.05652849771446
492,51.56173691855303,14.830418316949668
4520,49.25668421216655,6.641359170438182
103,35.15393140944744,6.940429935908719
1007,45.47049977682581,15.327048690239033
2511,55.622497100362104,15.072742743398702
798,44.966713964209994,15.683378112779872
2354,35.95852791481071,3.9704767940293433
329,44.1159238565022,15.799211379561124
603,46.846064009400166,9.993454445390212
1501,57.52474476038808,17.877011987458477
2548,48.55367935378954,11.370561447387793
83,20.008064971405712,17.050902135416614
4962,57.96086828835385,15.21319500279677
3299,40.563268775317404,6.919065770351175
3946,59.490138002381364,16.93748049835197
408,50.59784660461686,19.787969338514227
2585,44.68291817612168,15.374600383557874
2086,45.57950093249968,14.749649282180162
4023,57.30799739231507,13.928340471519231
1115,32.64135327202068,17.942718821827725
3844,43.01844045830494,13.462891359481382
1768,41.52187626065165,3.946487718611875
3969,50.09751887541474,2.7701305044915117
3480,50.151505551360685,21.7318323209835
508,59.667025356507864,38.04057073445203
290,49.51717184548645,35.084398689826735
866,48.80018289118817,32.98082671185844
4206,53.23278660565961,21.13169664069732
1022,40.446614852168715,23.44801599557629
4623,54.78356467703336,20.66515976255743
2262,59.766692320459185,39.181693871593424
2272,33.33291783272993,32.860008154241534
1919,76.29476445691897,26.462665109293237
1164,83.51476910331854,38.349563803927815
3922,68.75756926880267,22.935849736135626
2797,72.37207610209147,37.62720799415675
3478,42.385357774026474,32.320029208655875
3828,55.551261338516596,31.980544838106393
2348,44.974102601525146,37.043774548750726
4495,57.06253531509826,28.174459535645102
3525,52.20647116474658,36.804352100167115
4272,54.88680982580476,38.74027664540254
2861,42.09006768317249,21.212885322022466
2356,37.83578864845373,38.864352809375305
2885,63.92391541437149,36.60085186197282
3138,54.89475606905654,35.112040233410816
3195,63.2640611748312,32.221440015787834
2777,45.279233614842965,28.033038895713922
443,70.07442650391503,26.402841638621588
3886,39.9068985151876,27.787872874873965
1916,56.28589593956244,35.32810365293349
2307,65.08737224852091,37.7978820321797
4333,49.132430505829724,38.91619240149269
1404,45.48158454070499,30.41267069097809
2493,36.117954952380536,35.75402405676375
2127,59.15390904312597,27.133169539104852
3130,59.57347525056383,22.69425178389389
4006,37.06974045656453,33.5056132853012
28,17.13768601694837,33.21665416831111
1117,54.84555421256442,21.313721944523486
2766,62.57648240685344,20.345801890267587
29,33.586415492517155,39.018018206584905
1799,65.61917207013244,33.24799223124024
2213,39.14894295611545,25.610716039440057
4613,58.129475576988966,37.79347132507568
145,48.189043545906976,39.853021353626865
3227,24.743884381819267,38.60050842836924
3659,43.44494866406033,21.02883297320471
2528,45.05577371635865,33.2664167037044
1376,86.11016170853695,36.546304030330134
3427,75.96119491972662,35.62708415273304
401,53.19616051140002,32.40961187057073
179,76.40918323128825,38.51365286874312
60,36.61597047570627,27.108946591818754
1917,32.34483756464623,25.6751217052788
144,39.224633842277925,34.20649846868268
3448,42.01709772463885,22.05737067923661
391,42.31982802904413,24.442757935599946
3875,53.071180969695426,29.7633092532878
1392,51.310202019133214,35.11180472394807
368,52.87893585688098,24.75444654650596
2778,53.92887728722806,33.958282890889066
2408,57.32792233963667,23.68064392800701
268,69.5450226920149,35.5164679261258
306,47.14506317985664,23.46227952711897
765,41.87339011251071,31.118799639885587
4887,52.84609949440385,27.311179669348178
1188,59.88181979428514,32.55170940776533
4040,58.50567661607169,33.928686126672915
1491,40.053114514020436,24.16145588430212
1864,66.58091141597806,34.571890097949755
347,61.342431691250745,33.626814710432875
600,41.95906710351297,28.42455814520812
2779,34.66832971179864,22.324261126745682
4061,42.16361793322575,29.502912701833054
4208,74.0657135311666,37.92502822732398
672,47.41935522683524,39.882087140291134
68,47.11911165457323,34.402068856548446
317,59.25711233177969,21.74506964356736
1160,54.476131051436774,28.761282455724867
1529,90.43447781364328,38.78369451633755
3713,71.69502172379931,34.01363700195415
44,61.050526531315356,26.456003384768195
3460,30.206727130808428,21.044354220472947
3214,39.621498590634154,33.15013581660696
3813,55.97892330217478,24.539746535549394
1821,55.928678484927616,36.9934300346395
3405,39.99635251884312,39.62750099845483
797,49.57366897579417,20.821401435210603
2398,50.59521990918707,32.318512833644185
1343,52.54783001802998,22.89908250102869
2974,65.25220732529574,22.76572146016417
923,72.97472605792714,37.40578364083971
369,61.858599298957024,26.932765674169296
377,44.88454612629637,29.928296271751233
2440,46.40926782149844,31.4787737391493
2132,55.150589575797156,22.971847854015287
1302,33.2140910599826,39.49713429255761
4900,35.24119332022062,39.53919059170657
2755,47.82793510201089,22.467526816976832
4367,64.35600853653705,35.787803889473835
4478,29.11172013591805,29.8781219770229
2335,37.57213458764125,22.102240934182113
2347,54.23298382685633,27.708387579871893
2263,59.23455745095532,38.723198436308415
1207,64.36652012819718,27.62037083771419
2878,46.15304739286152,31.155173446585263
2495,84.49528061117942,32.850434189719984
529,52.327220548016655,37.27137297706175
4232,35.900681650929435,24.78913954188313
951,39.195349467335774,24.43023343202773
2540,53.07845941735008,23.636402910189446
87,62.46165156934053,39.77672856642969
4205,40.420502192847074,38.724381351538
126,68.51775129954102,24.055624379673148
3650,26.32176448322119,29.38305551980493
3792,20.58398227705468,36.690449021832926
796,53.41750920352599,38.56133013801785
3350,39.38599730722978,37.11846127693902
1300,32.11360767054626,24.76950804909336
3208,66.83293631719414,28.159939827894586
1545,34.50036938167074,26.805827078578034
2368,54.488542836991186,36.96727811124042
3452,44.309658185720814,31.11770078140437
2908,59.87609218466323,33.92166941050809
3591,48.901851573433284,38.06563219106967
4074,66.32861953463807,38.40954601647517
2300,61.334226163495494,33.16560859861214
84,54.8359744010619,26.70410201256925
4803,49.90569355788504,38.188838460509146
111,48.65860198846345,34.918513244994195
3552,40.67772946610332,22.54010588568932
2525,58.090772712026386,30.44959819452609
3274,49.97901582254156,39.79440277581529
299,26.91708486454862,32.80331910456552
4578,53.5610686145123,25.550937169777693
2153,53.068677053691644,25.44610550904772
3758,55.08857369598196,22.283787558121038
1109,26.43156378954626,27.97371297403346
2904,64.76134217898067,39.8471075307184
3600,78.8218797773495,36.455211313461774
1857,76.03181751818684,37.39026276546067
4959,53.8609628678506,35.36675901307069
2704,76.87203106116169,21.070758997004475
1161,47.66950934515128,33.4640775780163
2257,32.78534418739109,26.016177216845783
4107,54.799310844603006,30.32473048437043
642,44.354875004425296,27.60595138043937
3920,81.06171194560687,29.698866300316762
981,17.956050340440598,28.580040880898856
3461,30.206727130808428,21.044354220472947
4596,36.953890179472786,34.797166524403565
915,44.43871872021155,34.04916857991742
4453,49.14922179637042,29.220594757534734
1978,63.50967370210511,24.56041790093492
4591,73.48720573169041,27.83907886893249
2027,56.377129461081886,33.19798514491805
2696,54.15318522755671,35.10453603631638
2539,48.6643222474339,36.45278636596471
4521,63.60094850010639,29.83556136780365
3797,65.74794889417697,36.47480063452221
3193,50.744501644280156,25.093284008194388
1058,42.53655926203829,54.13224210028877
1066,55.347213623662945,46.39042098327816
381,41.949324080729866,50.82764799628957
2524,49.10682069050587,53.32949754759639
2169,48.86146800956176,50.15905753664691
823,36.748117094999216,57.677694255329364
4290,29.20624638024121,58.64321578295079
1156,59.619847096736024,42.60784270471582
78,52.86397219045092,42.903807420604
4617,49.24942636456139,58.145925366662105
4581,54.09894667595719,55.31935622178426
4095,38.466007264122695,54.30299143537685
1223,60.323860822178354,49.593175907805865
4568,61.87270204745504,43.84582623112389
3458,51.54731610653621,55.6661280634502
850,68.53306571526065,59.1105970761448
3204,37.881812090264894,44.63864684579483
3127,69.19296347205476,52.98328806224555
2795,68.07567238016058,53.79488704953071
4434,36.071755823367894,47.731743685409405
563,47.39421322605959,58.85471269776808
3250,42.414046186569365,53.755924913619424
949,61.746075582951356,54.085014426225044
1993,35.4690098385464,43.79900235903678
3400,49.50573208946703,44.765254753190135
4635,62.915792837173605,43.84571767964889
865,13.55299560319623,45.48094404873658
1870,17.09740072978424,52.13846730248845
4421,41.73606373483225,47.740831679713075
3370,43.67415074442719,51.86681785142992
4720,72.86011058125274,45.91010843642567
372,43.031789840827805,42.512828944592925
4703,36.78781452831785,49.15458696380178
3964,49.14282114095352,49.86309508962951
2355,48.93631890837145,52.92893430550535
1606,60.728212813761616,59.86791147679831
262,18.363610731033784,49.97069580273879
2405,55.80223631318405,54.39218095241803
3251,36.366884974160044,50.536008449567916
298,56.87688613421354,49.39244789395731
3661,43.1628848421161,49.58612274327582
4810,49.09435299200321,56.787978607428606
1159,50.394690188209196,49.944713763639726
295,60.881273170098616,40.20115957735314
3481,26.14828451741527,51.883497578607944
1037,53.686973812178,50.074830400047595
3973,59.9704873154774,52.14837365080506
3810,45.286695633477024,46.35600040291544
1467,41.81948533327614,58.34797844427226
1938,37.19187552875621,49.31205399098178
3889,70.28370775277665,51.307127447582225
3750,35.859353842698404,50.68021880772485
1549,33.34843933370565,49.84683937303414
4488,65.411350359609,54.68909439850238
2008,39.3770074259379,40.042082760122966
409,48.67400143583362,56.28940936192197
513,10.262111181575277,59.66845742127234
4922,50.356213137698354,40.11464906956938
4220,44.99400777481637,43.426866738929625
2385,76.30442651143376,43.2016827277201
3931,45.45590407230821,45.14628347985165
1622,31.908205317489706,56.02202530525957
4214,43.66619596374434,52.24394816048919
1586,40.268541726139716,50.28773830764123
3,43.28751726122021,52.95736327798812
2434,16.91213900534978,51.872368983387226
1561,47.8667435778345,57.348179786580246
3711,51.178845029277326,50.290238959825814
2807,41.93473611302876,45.49710885003466
2397,80.97275136592235,48.06202338742178
2863,53.1370614973246,40.947354682858375
2147,44.38543141453921,45.23826927360931
1253,48.44075722930892,51.36573500358856
1518,72.78287895160369,44.135345761618616
1722,54.562257385195714,47.96825102275025
4711,36.32151548550326,50.83801984131979
3919,73.36503998646229,48.60597092445934
3051,4.374984061097919,54.61836082658474
1,74.79646262437251,47.45867403326807
4833,9.913505625574414,58.73074222587876
3076,33.008301506191174,47.29492387347048
3308,57.02581714130157,46.60103820960063
3688,28.353699411080164,54.26851415517564
3860,42.40096537442275,50.68778022271355
3309,50.94921970183081,47.106809717923234
4691,42.12252465064081,54.575686567609104
768,65.50584529870181,45.23468102023661
1723,68.50050831075764,51.77606037845562
1992,44.232743772467366,47.41353465670379
1020,53.78270576428764,41.035530226606795
1933,33.650852752514375,53.254782454414226
660,57.380623600832756,58.16114025844274
890,24.46309760004361,58.22104254961514
1957,46.33507664571288,53.33047152721922
4379,47.31832905561151,48.67727636399653
901,48.17046092122766,44.998949175449326
987,33.88370717981941,58.355446514169756
2330,23.18534536290909,58.25996526418243
3509,38.61895698796997,44.42147767794585
2349,39.15657190097658,40.344224791191756
1021,53.78270576428764,41.035530226606795
818,53.21179362370902,49.441114480550574
1951,46.34514763472184,40.61617542078167
1097,39.53265359993043,59.72501331889365
3049,39.610059788404435,54.80154200534575
2594,56.99477833659825,41.52510215156851
801,30.565562063291946,52.17774152891201
3357,35.19232283483035,46.3155652614099
1872,54.181026732753686,40.508969177153396
4616,43.43592679130219,50.355139834765424
2420,52.71855560189746,59.497736711369285
2494,54.051855038248526,58.579686642329094
3765,84.24211020023405,56.08767978828496
2887,42.248015320832636,49.29584650868225
1639,63.795738820008104,45.48277044700677
2380,30.651184586013787,55.4205955983263
3602,41.7319089334686,40.7531635214561
3523,38.45601341728357,58.06733876144967
373,43.031789840827805,42.512828944592925
4690,29.473246922393432,58.70508935762518
172,31.475517520101892,45.20458748108521
1954,76.21122795356447,45.35543766785089
1145,70.41742350504168,53.67735222720541
3589,28.693925279676172,58.222141528690656
665,64.91236049070254,47.26794251992177
4935,62.15560600181308,41.973760940217865
2396,77.92709695476603,56.0888682091008
846,61.19290226473047,54.173300640072185
4702,21.95563746856068,50.809866759862004
3672,41.21151433735694,53.69937423329088
4137,41.51254727645919,50.70420916850425
803,42.13800278187985,40.43124622611394
1784,40.80703253205099,42.890873884600246
3764,67.76520298010736,58.70628729783915
3845,46.04163678022221,46.08329190404069
4021,70.93204043436786,58.0164272731004
260,19.39832809635881,55.718536149142466
4644,54.721191626752024,54.382665859645776
4009,55.535535128992045,56.42681365796532
2342,42.03002401996848,42.871035549291946
1860,40.6834522281735,41.84281475625871
4710,55.360566365734975,53.932837322287035
333,41.59259390632379,44.20609732503583
3881,65.7471280083345,49.99391314413976
4884,52.230418440205476,59.06535231545546
2800,57.47874652432827,40.16803478477424
1801,47.58161658204445,49.90749241424768
4025,34.897633908690416,42.264718780964756
4601,47.88844207685514,57.828027736013965
1234,33.057649003169715,56.42549919025355
3592,73.75442309678436,49.751839154317246
558,63.58970415178466,48.38896001892727
1707,29.99019633896823,51.70127310769298
3662,44.682190459753464,52.912906705849714
4044,74.78052543110782,40.82320097804985
802,39.93131931291178,41.84760916124925
3974,53.31882021776017,53.76446229309853
4782,47.37234972006439,56.77024685407852
4034,61.79846264933571,42.63850353476719
4320,61.80579332475107,53.8850649085026
533,36.64054680078738,58.039951774088145
3022,32.302033416946976,57.1503828493001
676,47.0773570290415,55.1857135574626
3048,52.165003571258964,45.62202534985522
4773,34.06865359561513,55.307405207718716
2595,50.87409640578085,43.21851651537764
3574,42.50708224610836,58.06367507113474
1893,58.755256535910426,50.18524673826235
4798,44.129873705137555,53.699670298206044
3043,41.15178925261374,49.44953528253853
1056,46.971379590086315,56.64360567839811
62,62.53316279886437,41.24334310843962
1939,47.402855262051105,42.8336470194316
330,33.091570724067196,59.27274999883269
147,39.606478222477314,43.82701327306186
4033,71.9239094991348,42.60035988421105
3753,39.89936315082881,57.48100186243367
1254,48.44075722930892,51.36573500358856
1001,25.727429943411806,52.83492092891826
499,43.178362538394396,53.28472326786661
4255,33.48330302171174,45.453064077941974
143,56.04383822018586,45.223018170421895
4197,85.57602232133637,55.58837011716429
1614,50.436121751427976,57.68560734223954
485,31.302453610016734,52.981272885110904
2656,41.148093854381685,44.43970650844285
729,53.59977791536632,59.86265602607824
3341,41.49975696382057,50.41523665228046
3254,45.79928011421488,57.55533008832643
3317,54.30014810109868,59.0331989812792
1906,43.858183500638226,59.33356190189374
2827,52.56946964156946,59.20843882952385
3827,51.19564927009407,42.83267457212296
2188,31.059925875033784,57.073063285340034
4149,63.850630565383504,41.35162267723075
181,57.71194280398764,47.20029209611384
4548,43.23046446194806,41.51684809297221
2452,65.02767687717377,59.922793279170754
1953,50.683658433779705,57.49361746424539
2771,52.3291142230229,59.034626074713316
1081,71.00073204825287,41.686313372435066
3339,53.55929609873299,49.52540204785279
4273,41.52328186947616,46.14159283324531
1051,65.14282403425048,48.438419135310156
3205,71.75485082547631,54.45916752444047
4037,53.19756359270525,51.58409363739123
2367,23.87608106279608,50.272815865985756
3213,62.32463841845078,44.25712615275405
4896,36.24774531605911,49.99159136232568
853,46.17546029236724,55.10071142868245
3326,78.75703210723795,53.56259831136744
4102,46.1268669542048,41.77649029157375
2619,38.90837387570017,50.246119455666935
2459,42.594341702574724,59.853616569659046
2336,44.95052209853436,45.81662933049984
4223,68.13362452187839,41.7828995353684
953,59.50758194232119,46.953418177716806
1724,47.43961685306636,48.37789088046521
1895,19.135955259592862,70.75197796240366
315,46.30174535924018,63.87283459816119
3330,20.537907320324713,68.81328560862707
3491,24.418314754425825,79.07521090645609
135,38.10852403216186,65.3517381772882
3997,34.51986549257945,76.3361799645691
1069,57.34106318200772,78.61307590946123
2563,33.57182878125081,75.42839063576422
1875,55.343962065888974,67.43999586935297
1136,66.06686662911096,70.69990422720588
4580,81.85577407864473,76.48740843132255
3191,70.49269502343111,79.0160764983626
40,46.4355985213737,78.96703213753284
1212,26.65542035822619,68.17141865442099
3162,40.28099085111349,75.77130999316475
556,45.911968364795705,73.7686969943596
4117,51.85357844061181,61.78395462979248
911,72.07417529539141,79.14837444011455
383,69.31199690626903,71.55369160660143
1390,28.17997319821835,67.7545910660823
932,54.47284037120302,74.72065119394594
2575,50.47221239652228,78.13357115640753
217,42.66251219925027,76.967855799712
4642,57.567887759750434,72.95986388280829
1341,24.712632004858055,73.5959392707749
821,27.818825998824767,62.42898795180686
3494,34.73907514458007,61.8688201542432
1745,14.615429235957127,72.26803598914016
3998,13.99215572625296,79.4351820502283
4089,64.76253510576569,72.4181218727358
128,67.30991670828058,62.8915358948057
666,51.13289105661328,73.37938009508005
1974,35.11495337982027,76.8488528575832
4400,32.50950530412267,74.45161912280254
1818,32.987911084660944,77.56548912972333
465,71.13794031929167,62.26495758976168
4487,60.075185598801276,74.50253792650489
303,39.80307498799452,65.00421163194738
3139,46.99061129417735,74.96364295994697
4666,50.873053517103465,64.99101365281723
843,66.39236987844903,66.83303405726676
3462,24.85760634272916,79.91565922185261
4133,63.467567634496405,67.32560131043888
4708,29.941922467476783,65.36499388717564
27,11.972300270347366,65.76426984394311
2580,50.00183521856386,65.71125954659678
4303,56.47821086733239,74.83790285009856
2052,57.29481077108414,69.60341655249559
2812,33.29029139033252,68.0032340755073
414,47.00684855838337,73.12815352659348
2693,64.74088792906426,60.66667218077384
1043,72.37854824368878,64.70139032110418
1973,73.95952146155544,69.40896598469054
2858,35.174235954396345,71.84645716617094
2615,51.85920992143661,60.82060980597756
346,35.16937010565275,60.51835016551996
1805,63.8429765831375,62.50593154492528
1199,36.78623843967825,67.74713515187632
1182,55.36731460706321,65.78465580402164
4817,29.71444938846082,72.36637756499144
4808,53.05253447430398,76.45931022372059
1858,45.79814518292062,67.45763485134314
4699,44.13331324515823,70.85226482083135
4610,40.09619537619198,61.35591231682882
4966,59.04608156874946,61.34670624699174
2179,45.30743051064166,72.91072804269595
1721,48.078425391077204,73.86167362428051
3653,28.96347301192732,66.44279555412929
3194,53.03709791730501,61.79386931652374
4289,27.601022620074676,65.99793717690036
2535,71.50871529562865,66.37550462531614
3426,64.8099031819889,68.03828472009789
907,37.26825373658268,62.62036458172537
4124,49.55975732637762,79.7020635449607
1235,54.90758909474086,72.38294905546286
1897,16.47252418236991,71.9242446969059
1318,52.883989767925556,70.08568885565006
1297,68.71925079431611,78.65870654788877
3367,79.04301462134832,75.30787017626845
3472,60.92291002243528,62.4274190551981
532,27.972155619639594,73.4021804836282
2867,45.585445871456834,78.2791779286499
3905,35.59778024308199,61.81192622163466
889,21.90075055143281,75.0863410799675
2212,51.32357420386625,76.31040047685016
4304,66.21374926977511,63.34762775025742
133,33.12275777369242,78.86843265855269
1054,43.51394667963446,60.98291156365608
258,8.97671899272174,60.94206451108593
3343,33.333957319714806,67.8448084626955
820,12.653317749229505,67.20998630331904
2780,63.40460906159487,60.42539056625533
2578,99.04131482637614,77.91906489048135
2840,48.95533897666274,62.63199415334947
2512,56.647756218038026,61.68633506400136
3846,77.7968177748643,62.88442836774412
410,51.17230584357298,60.57658001912775
536,24.718412665379955,77.47879343137417
4652,68.0320879148521,67.71752828308675
4097,50.65897453271555,67.60709884058369
3101,34.932642984845764,62.48700804391897
4774,50.28278852792192,64.1788272842421
375,25.876626610007786,77.20861873583642
777,27.93792921631545,75.6480419129364
3804,68.37390233015175,71.22073396448381
931,48.984868695405034,78.95124432306007
3404,72.85525371914895,77.72851433475107
4429,43.011927706761554,67.86922237296491
93,27.67989042220519,64.44808060516725
294,49.2027100785334,65.99945429512819
4969,34.21027749261802,65.96717422071242
4418,61.140819068758994,62.84920679853449
3519,38.244617844390994,65.0110391486076
941,52.00808269639889,78.7780297344963
874,49.03066955551128,73.68848225181526
427,60.07252322336444,61.8403734724494
659,25.74339684213055,66.46015762774395
4184,58.02664754859264,63.58184160977668
192,31.946762916595844,68.00529652812898
4231,34.70810985710441,71.85218953116409
4433,58.38762731589622,77.46460720198306
4499,40.12050804243326,73.62461907004288
1440,41.553335029316976,74.32702005641084
1688,61.92306088591084,64.57932755521206
302,36.66806837480247,66.46698796367573
1702,26.634099008803158,62.248252032801076
2757,59.17062268582603,65.31199559267701
4161,42.31134842967585,68.0193362079215
4165,67.48687462438167,65.82706330978876
2010,66.73254809679106,66.80485697302029
4218,46.69666345495353,70.68327399847952
3169,63.876964461721094,70.85838755753403
4811,22.530147478554788,68.57301867854537
4550,53.9142563487694,66.62483490398512
4650,42.76306829820825,77.01139516904819
3848,53.65729665187318,68.67082497281086
2806,54.67920989567256,73.0873114241768
1496,12.345753447008086,60.96084850173292
127,77.79782670672019,71.75027034746027
2785,25.36767205233808,78.47633329724333
920,46.202908364237736,75.98308421255605
3656,57.688288159450636,63.52465391293418
2381,58.44355496979782,67.37950049748132
323,52.280365240080535,63.93544051269802
4585,84.16118128083751,72.31415584543252
3415,78.72441050386789,64.59519433849042
1493,65.62125307670297,74.39459094249041
4482,45.700576878649905,64.10750558716194
3163,48.20006000568826,73.00045243652062
2137,60.26919212081463,71.77315977867951
4546,46.80669887039007,74.30289861584103
4408,47.47298766864025,62.17059390082774
4461,41.663305147995736,70.26499309030457
4239,13.417448975439608,64.28344429837783
1976,54.83055506343346,79.15704512485905
4723,34.42382819093076,65.11468904056406
838,53.89511731248829,65.90685345141621
2744,34.38346308233575,73.01906828221959
1463,54.03733268912032,70.65461098538543
4065,51.121132363027755,61.83927130925385
4794,34.53053707930617,76.45240520607392
4431,46.63871323194546,77.96523894732924
4853,68.64764266745557,63.87178060406376
2468,44.012148980458775,75.77059991284659
1142,53.81224337800799,72.33867007890022
210,72.09249682960957,77.1391820219947
604,50.2800687267446,66.37590771903089
148,47.980589116200505,61.827646640230036
1123,60.4743786798995,67.04183081773941
3203,61.53499457678255,79.58278804906203
1105,45.61089058013639,73.39656378987002
3999,35.868108539699406,76.8690498689393
4508,54.31651116537935,66.47168736149871
3298,74.68058030522216,61.51525141422951
4060,40.182064059756996,70.4525295498042
580,46.63018864969099,65.99615349486801
1249,30.42718063215581,73.53514742112739
1460,62.51796236976872,74.31549828824447
3976,49.949420968582274,66.90773023825457
1062,62.08071549752464,63.813730373735034
1533,58.93276713654353,68.71612691376505
3078,51.070716976103114,72.86024100571717
2160,41.70165404742439,70.32236452457485
4621,55.3689963191259,74.28681473988793
3887,49.95807870813428,63.40723926668487
204,57.63900484395539,66.72061685676428
3684,54.88086984959482,66.78794587233712
1624,51.65783221366243,62.102760508797424
3476,57.06357544219549,65.88711709859821
2558,59.14740783436058,63.46347942385382
4538,73.01304280117617,74.98986680572787
453,22.86145670083983,67.53054881629171
338,41.25117271008962,69.8848054101248
2549,44.484433185248,66.02730425508679
4191,35.97063460989449,62.2922380062509
4372,87.91103800115154,73.46204527159972
880,53.846744561717536,61.30434528674185
1202,51.9695555379026,64.11680475366515
4839,68.04728970046257,69.88333396541452
3160,61.204387360440776,76.56671333161894
1962,80.06908188217203,68.58731156054246
3333,42.13906288479134,69.80736610127383
4947,43.03412538469658,61.170381299803886
4377,60.03530954403791,72.14288006622601
2120,70.51442946175752,77.64149089636915
3459,45.29192095204002,60.5456209976514
124,71.20799292038505,61.557835874764
4598,47.17578205588004,63.08087294524909
1908,32.92068073667057,77.00285344897135
2357,56.96281730526032,70.39764640189205
2192,10.802321672562888,78.08880700447045
1183,61.94164919216704,65.33290209383568
1970,50.653313604647686,62.99848209955332
3044,37.1721832058601,79.50998891469541
3754,36.79630117254778,76.37468032778555
1165,92.11830652327043,60.59464504737535
1437,39.41946904441517,74.04757999867554
2425,56.62667329934529,67.78996769042945
43,43.93249145825588,71.97434047447412
2880,47.73509550447686,73.30846229567209
2905,18.1416760830745,67.82179811400114
1652,60.505920530176,78.2058212871494
947,36.49260818166513,65.91763475323043
3808,61.11452426497394,71.80831068525626
910,40.650174574467904,76.63152169488049
4457,14.007233548115046,70.47317905693863
2255,37.9822360331104,70.79289119010456
3046,37.63474744073913,73.33566982067791
160,64.59579896199642,74.38415638730868
750,37.9513874106841,63.116903779271915
4553,39.66683893720903,75.15932888963566
3959,73.4339331456052,73.95071463732765
2433,15.509197386468827,72.52016131836073
559,56.635610800919295,62.25472792039685
4195,64.22045858700876,62.14986765995069
10,59.40017564757506,65.21002499118467
1826,32.746258103267806,62.47626177757828
3359,37.7765872535666,61.54493517240712
2754,32.22276734417873,62.884370694116384
3676,58.3558690338805,68.31740162082933
1956,64.82217191148136,77.96074145552365
795,69.66193763459364,67.5080956612091
4360,68.5993016626391,62.4250084946552
4138,38.88655783090389,62.17442471404981
2464,27.246071111189593,62.227598552490385
3161,81.1348596793321,73.9922721485241
2673,47.980126699058,72.30630918533652
2054,67.6551667676564,69.67082850772907
38,35.023767309478266,67.78181947253711
385,53.67404027884804,63.62075175908214
3616,71.72619073724195,65.16088907873115
3287,57.42425747109511,60.567994402968814
2278,31.932215048739,67.4628088607041
4347,76.61005066697355,91.34611529095777
1632,47.497350647257996,85.67511300647904
1466,54.56759655830746,95.06844109505012
2820,70.67718058678298,91.01888871663084
1977,48.487305817143756,87.36472064372745
2162,59.54811743280159,84.82277918619025
3316,51.32282187582364,92.22609291681499
305,63.3210759866264,80.29256862109249
3407,31.78389648344941,83.85636471413464
2607,29.77378976340032,98.42966450167091
26,22.131384481479206,82.88768347940265
946,60.78907243092879,85.76930336234173
2084,72.53966656175437,81.65532649011466
994,27.386650484402875,92.83636559569248
1527,23.61179522270731,87.82397528617534
2053,77.23593334965094,82.47925248564972
2966,60.06775423035654,81.12144209721866
1052,14.933675294102736,90.04190206246
1449,57.446579593096416,99.7270500677828
1633,75.59711592237677,87.33366704677447
3531,53.494752431648436,97.60496878269736
4233,38.44773932035466,89.8726095096266
286,28.74238308294829,94.06052997407195
3153,63.813214421480815,90.6315566434236
1869,50.336772424111174,86.86562817724895
1725,56.682533238039895,81.4854032323019
4801,17.13147945630904,90.13544509977604
2048,72.89009379395415,94.6846008520462
718,40.1222654171207,96.89621153393291
1653,90.73285214581823,90.79549122253893
832,68.94579121250506,88.45698290193077
2954,29.79265243704825,84.68800903406894
4736,70.09942739027218,87.69113441787287
732,63.43044399717154,81.0294513505292
3545,55.16748874712253,90.51274985834421
25,69.28645020264621,84.8005962969783
1258,43.009666442284185,86.82756141026255
1587,52.03104051215618,82.54858772077574
272,5.663151027933707,85.32519442499863
2579,60.515021180249704,97.92659733519754
3924,74.25316111235638,89.16282194432202
3183,73.23417569356617,92.53847603469141
4898,55.96920279111556,90.26463369825714
4071,55.02089071495586,84.58035444180473
3032,33.97991948308457,98.3609148662414
1753,50.4991914810207,86.83336312626083
884,60.88514910960661,93.303553012801
4472,55.47111002837115,95.12333557747488
743,18.606493140193784,97.77297127710274
4489,39.02423028121997,86.54070580433779
4936,47.90038470280758,98.3569633597482
4893,29.110975188263605,94.13304123467651
3159,67.84720764867647,94.01496292603106
4266,72.72153243739108,81.33775359879864
3057,54.80124962534048,95.84914587842349
3143,68.46426970806715,93.38181324503807
3443,30.89784807840187,94.99309890726265
717,63.04838644201641,92.44719740493102
3942,0.7190709151294357,94.78633742382864
6,49.357653607230645,99.75684112671914
4254,30.134892261832213,84.52273993277826
1602,41.03717756133425,83.03960039134923
1361,30.87116134733293,81.17929531653957
972,15.18939449768309,99.3452394147982
785,45.07700791546027,86.28390482652435
2165,34.03280096856443,95.69475210191351
1244,75.596289813119,87.75197664879408
4692,28.12427874356429,80.2862847002289
4084,42.91186646499538,90.62113952394812
4019,62.8281041913525,92.63015807297846
1780,37.191760058340996,89.83958336630428
2591,13.223010411283727,98.53628139805113
4387,80.84247763087724,82.17558918421364
4918,40.5284571048949,80.8134959416785
2686,37.55217543986994,84.92545870467275
3894,37.472083030952696,88.77488632358694
3245,68.63135814181854,86.35621993296934
162,94.7473688394637,80.31818702670407
4080,73.97671845925316,85.60146375213587
1778,39.062449157848505,92.19678732413664
1988,19.73189027244,96.95634777426494
1554,51.04877727158691,85.77926291868737
848,92.41556395436234,94.91534999584587
4246,74.57056668232123,92.98237656827824
4504,29.60264092664051,83.40146547509927
2290,17.735652734058228,87.59138112465077
379,63.94137537828028,93.25537364350792
2081,27.452173127511,82.49827585141794
2310,52.41657761917856,96.80267523616035
3981,50.644857918645094,99.54921039035135
1402,56.185442760510256,87.50433967811381
2050,45.47681768218939,90.7807503368438
3939,38.75175676029415,95.69348392282488
3720,81.88825269254541,83.55020889059597
3585,79.57739621238512,89.07511869237156
4786,42.5520832964516,81.72991100393592
3789,56.54768821475973,86.78621900027215
3623,62.29221055388661,82.88389766978044
2848,50.647275956331384,82.31961591003845
230,66.99720075843442,84.11978102962095
2177,57.11860006710383,87.81745916130852
2442,48.163250933622564,84.70056746936555
2138,56.80717586555173,92.4650021406876
2240,41.784771257792,98.07747013715307
2247,32.72522134793529,99.28358163542228
4965,71.79262287611424,83.36386336676738
1301,48.27054489610101,83.73180050104023
3206,71.12358638217094,98.25085821614752
1663,62.58681009274399,84.95231606191041
3231,27.701847389939605,90.08748991881504
1565,48.02461072748061,84.55014629822351
1750,36.09674396957926,91.42645051394392
4175,13.950543421199884,83.52708766283519
467,59.16734789965042,98.43732868029068
1966,42.11768486058064,89.82065603768362
2689,38.05572087690317,83.74874849742565
3026,44.834034552910644,93.2840380674831
918,58.13665720117526,81.76481693103466
2230,11.090023688440931,96.39358807533512
3715,36.21589809963181,99.34677672043983
1887,66.9418275133973,85.26221482179153
772,39.07059953340504,88.60593112002329
2419,48.746186601188256,98.21498972201701
826,72.69116881217766,94.02176033217323
1320,65.58649387365932,80.18077681834826
2519,55.83345537244523,81.38801616640076
2875,56.4376998814775,86.98317795251394
4549,46.77702074708128,90.49430755165542
3740,45.23747448919578,88.37696454350363
3598,66.29935315908152,89.0992084215292
2781,34.25824389346782,91.43713795186693
4855,57.110603990772155,99.11410977511984
480,41.70790291892955,98.87423949201384
955,56.636123893837954,82.71564776715891
1089,36.103790405929615,97.45855634314331
2537,87.30543741475262,92.8430419223038
3590,47.01282842340783,96.41484564146424
3957,60.30221908493374,97.77615015350258
66,46.06358909103989,90.01671517812382
1955,51.51544486578525,85.06645002767674
389,58.28604240789889,91.56230091377009
610,50.54094660642307,81.67954668118274
486,70.77459549645529,93.53763801922103
4094,13.5882560177598,97.63077085617218
800,42.882546954931456,87.9225612099992
3556,18.56823358815401,95.23812634080095
2252,20.53453985818753,95.69347747964157
2828,51.53952134499464,81.43697817777087
2605,27.211613870388607,89.21325942637004
1748,75.3804445002732,94.71018367097052
1680,69.60846172979576,90.2947519659338
1575,74.38183402322319,98.21153400474616
2122,48.030085514283584,95.08430030705036
3088,81.48740184170684,84.14173560254588
3724,45.6481608438621,96.04145817060726
2222,73.61016680126045,99.78247220518013
2055,44.766058638930204,81.3616473936126
3853,2.721824308403976,81.69865559159376
2560,76.07457250700129,91.768185614888
1079,27.805586869498445,99.95085104499857
3303,44.64763788166393,81.06430022665072
1704,36.77121960600732,83.88320800287467
3548,27.727416207909304,80.68943834850744
1348,73.91490043624873,83.46501343229463
4055,62.33084690549569,95.5926867895176
2281,37.84549712957948,82.75207117735663
692,53.61523871779376,91.64236142599184
3769,44.90694873193332,87.86416104600457
4681,40.32878926278516,94.26462750705885
2842,48.42073781741165,87.89421993737392
4602,71.58595752056418,85.42458772586251
1981,77.64027039326362,90.04234052041912
1311,36.429731989877695,88.33401431123112
3904,69.00449181871524,96.9797358906768
99,66.71672628144279,99.35926448500194
197,56.28507785776775,92.14041336868156
386,58.25578283729309,94.09348585852986
3937,36.796290703748866,98.228876788797
2498,16.275157535065695,81.89997549733629
2311,51.692172465685644,84.3898579160181
4576,62.07300633803912,82.98631248533742
3752,25.48192290574121,86.80257457621403
416,24.824758547950395,88.778475278029
3686,18.09006988020812,88.41866781966108
2112,20.694819642948453,90.41486585853464
4945,86.62062210443027,98.86868707043648
4288,16.673882287162463,93.33033931013986
3971,68.10503631085672,96.53591793744421
3802,57.98616190699973,89.51254823460127
4823,51.77407342348646,80.53006652696409
402,46.96404186516232,85.84243076068181
4361,81.40115266019455,83.6214791821895
555,63.847383616339556,87.20194165449513
4376,39.785740052879866,96.70188887372959
1334,64.61344238301957,99.9084952957037
4846,54.545843192259,86.41415356056005
1245,84.48077840270359,87.8680574915865
1998,52.00175470087218,83.92232313278824
2080,50.64410546772339,93.49778831765155
3495,56.84546587199018,97.76747651957994
3639,44.43151040569352,85.7864101866555
1498,57.28373264687434,81.62899140690472
1238,55.5037614376371,95.6832382867729
3403,91.55545614004532,97.06357284679144
4332,63.2347681669139,97.00263865333777
746,72.40823005519844,94.14465473158829
4438,43.243575370911685,93.17742368175877
3584,33.02221126210092,83.45343101031315
1296,65.21664102502274,90.40558122929426
1305,36.0587549126137,85.88656164446495
3621,61.33352063346899,86.74931317458233
310,42.26868734266357,94.36969256691263
267,72.82146078594792,82.3609796436063
4391,30.5954325118483,87.20098666316704
3690,53.88767617679829,98.53991138265518
211,97.69260777845604,81.87479103104819
3318,41.89916935040827,80.82283206298355
2456,39.703353136101434,97.98667827377899
2460,63.8857895122704,89.87933240877949
2881,26.65571935756897,84.63044391281954
4684,51.224847999450425,88.7198428831673
4500,39.07407283982844,81.80195346091584
3831,87.17044838516917,89.19898717474302
3232,33.157202314164905,86.6914050166246
4522,43.667172931576616,85.65835534037797
3895,8.172504777985889,87.65568708927381
886,43.0361185375082,94.40156224941342
1172,40.67683002158609,93.8002472108378
20,40.29600259578147,94.35541527492373
806,77.13834795796231,80.66095397578367
3197,47.70278772248641,94.02339178068677
4335,69.45277535784011,87.42292348837557
2067,66.25324950596432,97.35121190822024
3246,46.84819131906532,91.48741567952999
645,74.37279859239028,95.30653248597551
965,10.553380901828486,89.1398672998387
3409,33.71833559863455,91.89484644705357
1697,44.6193776144378,89.66586593310936
4891,55.327375306208886,83.07981396727364
4000,47.3065912036264,86.09534027186895
1757,66.63165364402214,87.96747226733595
4338,60.310503781851175,85.34701660258612
2041,32.19876390257675,97.26220390355586
2455,50.52155716329789,96.44062057551822
3947,56.822187331188964,81.44749611195017
4465,77.53225466092886,94.55996055561724
3896,13.74985896759768,98.27204301810673
2853,26.79977658752271,80.05092612454183
4862,54.77735873171173,83.90915045545084
3567,49.823288847527465,92.67193948931585
1607,39.84578612458379,89.79938674636627
671,68.52175271194504,93.90607345377579
4740,70.32729881528282,93.54357437578051
3829,49.39206562681414,98.75629074006045
1686,53.05234923854035,88.37666818552776
2896,47.018566064067386,99.41914139734465
15,80.51801617120934,98.59203634240131
1795,41.34099100703516,99.82597617002723
2515,54.19031263545131,88.06048350739107
4505,72.56805499056615,98.87686897341726
2658,99.17429226936441,93.66127485331171
1751,28.517187814702506,96.06732930004677
3433,39.378378929221604,84.24689765249958
3518,85.81617764812908,97.71563695465436
2319,46.7926660517911,82.34423608927145
1927,56.97041332911996,80.43831545481156
3576,56.84358623918554,83.48705931506055
4554,51.482854621973026,99.66862141123528
1080,41.54294356189525,92.52658072816669
457,52.9026901188487,97.34764770250364
1396,30.72911343419177,82.51452027243573
1346,16.622841274264633,86.02036880257661
825,74.15709642940344,90.21054999252516
1921,51.13565027389446,93.561136806029
4939,63.979722081681004,95.14605607731824
3626,46.908481131416046,80.77086508893345
4229,36.19013698883485,84.10899289897759
3399,36.67997715079605,86.1583269123048
4470,44.98747074893812,83.09466084241035
1169,47.66502517952117,86.56273122209706
4069,62.4889122327564,98.70904072611157
4594,20.10514140820053,81.61399591636662
1578,45.91566127948371,93.41330724734188
4135,67.80594701206965,80.6000465340995
3984,44.30297985898833,90.38042482986168
4087,11.68530349802536,97.90872090559776
2553,34.313584684634826,82.09152426758277
3083,33.31333627661226,87.50511495029848
792,24.799400814341286,88.96951945130533
4363,78.44325821803831,87.55868410690228
4683,26.432223740450937,90.72767997756891
2920,51.55363382850082,91.30125257125087
1868,15.393304402191875,102.7991097610458
2227,72.93664433892262,112.79779853394842
2971,25.09567389137802,110.80420471738483
2155,40.93298403283382,110.07738259166149
4344,84.07334313511626,101.73454292228708
2714,61.15344552035214,107.3537946953096
2268,44.212356194297456,107.8270815654496
3779,60.23158204864057,108.3696656443729
2836,70.63890894087713,100.03593045785524
1408,45.94574413015952,113.60563966973221
528,89.06766035731212,102.57868418506284
4630,64.09819251785095,107.13783253517173
3364,61.866564196621425,117.39694364417672
4888,54.19617418646711,114.44650698632536
3826,0.9068401921679481,119.73450732342572
3785,30.98001403966125,103.42061573621737
2204,5.996547991601392,110.44522376011656
764,42.62223218962011,111.27892521698318
3279,65.98508012208927,112.6015281794462
664,34.05799364579701,106.77527123719022
352,75.26548084224036,115.98676752901643
2993,48.67136714376696,111.33507588661888
4309,56.463568845163294,109.61557463632744
4772,45.32186061046753,111.1488601150464
2111,31.263508874025153,107.09788210017624
2845,29.73115707618154,110.18534016088327
1716,72.18615423408698,106.08358532246204
1673,72.31149827086945,115.78201367513759
3146,56.24164111799709,111.67880888833041
2438,47.96816065821641,108.57181926513391
4450,34.54077398054277,113.10127100496885
3470,16.453675714112652,115.69262525459196
190,38.21154037689682,102.87139199207407
3856,52.473973274831295,116.15001583409472
2193,33.302592157209396,102.62700011283964
3432,74.34321525392502,119.43408779133853
4354,83.85058011422905,103.82084266587201
2210,24.752640252489208,112.40600238870859
2883,35.66387916924225,115.06090225966386
3328,36.159629621602825,108.29812277724865
956,58.943541546614476,119.90929624496786
3541,25.977854049935694,101.79486669905556
4020,61.79477286341131,113.65566367652369
3775,43.34341730207654,118.23882925658785
3366,64.45002135410435,102.49632070037651
3776,41.927133198886544,101.34707342411836
4625,45.39567177373878,112.86664061416664
860,48.489657891489784,101.24537661941136
3067,36.69758574101685,118.33817193208084
1345,37.11460088166026,101.104355203945
516,39.861646641457796,103.86705005031936
4677,33.86740556987686,104.22955590827705
380,73.85776995550884,100.07545368863951
3803,82.99287240797585,102.06679025155523
2064,50.86304997948977,116.68947764849743
35,38.69327325511151,101.0721602919804
484,26.881318237134558,100.66572598150906
1124,67.83746595666156,118.20445480621069
3874,70.34393535723919,100.17231943699473
3110,84.1895545173932,118.46643597053348
4976,74.02274538758911,118.31001177428156
3728,50.65247309764629,112.01551493149613
3217,18.245257132767602,105.10556746508364
2361,46.65357338070503,102.1367489164669
4655,24.90276799391863,103.75202537983299
2938,16.079338434509868,111.6985280783314
2071,36.3356508646641,118.81793638599476
1106,60.67316868072428,101.8856064498622
1351,35.29222892308732,109.5891620552844
3940,14.642240209379413,106.08565591869505
2972,70.73039854576487,106.24831858159392
115,49.87824101929949,108.56532892796852
3854,40.754951653313434,103.82686412035349
1856,61.40026194416061,110.33645135974363
4819,46.063696141145066,115.9964642112529
548,57.99497857696636,103.35570736273183
1451,68.87742650821949,119.84932194338028
3455,67.17011128848208,116.03426429784659
2804,70.0175392751879,108.3033631269903
810,87.00768157204416,105.70158861557395
655,12.954002044213812,100.45084871894971
2488,50.05857781692958,115.56947533967129
3695,31.698886606828232,117.52956705544372
2976,48.383482529596776,101.33904956142887
1023,46.43068869654044,116.22487244967766
869,66.44794833566499,109.61665588739042
4714,57.36976651718985,110.05212457050298
2680,28.390818937624825,110.63410502516432
4899,85.43623433883747,109.62568299734501
2639,49.93697003650436,117.79541289130276
2760,58.905558325836466,119.91384501297364
2203,9.85384136709365,103.83877004214042
1583,24.44196392195672,102.50378303463543
2481,70.5544531236161,111.15094364095195
3513,17.487653592007867,105.1873330550976
3948,27.31974069377744,100.98337513569777
754,48.6420699752347,106.11023194335002
2641,79.82500903898256,118.54597364879237
1841,64.40540807872493,103.55607900219613
3053,0.15360080275036814,113.29123708528505
1842,39.49040826646297,112.3704169339842
3782,58.86239337164378,109.28672209134987
278,36.43130526197909,109.03597527157864
2784,36.39022901291252,109.37366159113468
354,47.8404410925045,104.11174128097835
4204,19.05631321562051,118.24098184214105
4977,91.89271357451172,102.90922842655756
245,72.35663010827538,119.34479884945074
1866,15.069269115482655,100.8119425808071
4791,93.83525522425946,109.05823001603564
1055,45.70943685048841,101.04575961834855
4455,60.932306981554696,119.98819682569851
4619,35.53373451027317,113.20489745590342
2145,48.282901017990646,103.09514796111992
1355,40.525061039484676,101.96433408538813
2898,49.163124704381936,105.35214992387907
2350,56.852528458264246,100.31290537453268
4228,58.49867440951761,106.20579900328079
2031,90.74630402204286,106.86914464627014
24,28.552113329578177,106.12298489604768
2317,38.38260161084128,111.01973147928044
4317,36.80147397322781,111.90315904364351
3068,79.42982559851104,112.14254755250263
3983,54.20870343049626,100.03620589215113
3953,46.48740444205521,109.54263420883032
240,78.66436160194304,110.87769161247346
567,58.9955144315529,103.14756967163065
4545,33.49065783869201,118.38101448301668
4078,29.83970794759293,102.24703022155407
3693,31.358686531476284,101.77261215353847
2044,78.23964080655543,105.30534174848242
2275,86.00603519695628,112.2247765828332
2248,48.794125194250576,118.79213988326885
4139,38.786155536135844,104.95996650472573
2370,48.990250688044604,104.95726722663584
3644,81.07939477503581,113.98473136649434
4831,49.243801553330094,103.84504994872196
1926,31.96961483823265,109.55253121442644
4518,57.74991120419185,106.38283001463311
2716,62.34207799580169,110.65897920289947
342,43.17096611255239,109.62718043080136
3934,14.997689718667404,112.52140307645577
576,58.28721416495282,119.68102108307491
3398,63.59372335813939,110.3363751937975
4775,36.14459644362428,105.29112181730574
3474,39.82417827210524,113.74726469277218
3586,58.85924518437825,108.92231746219014
3296,20.768350700264197,112.08523982559879
2991,70.71402384739977,102.13886895515866
2882,65.75638440479179,104.8013011775002
712,70.09720697712919,100.87998453239963
1899,42.097309692402725,112.63311648991704
2221,71.11883294602575,101.27761888596802
3126,79.26868334932264,102.8689350339872
4818,48.69581433731482,114.00209784464741
3085,34.97544851783001,106.29027628495355
4840,48.64194148213528,115.97312184102405
1403,35.184442206716426,116.75626318007406
3832,67.35430541169688,107.26995111352983
867,62.52786956402461,118.85106939381652
3822,23.7164824163628,114.93940672093036
3373,21.14711935530305,110.04878846680704
4414,44.33267281707428,110.82463966496826
2893,62.44595032224772,117.31235586957216
851,50.53537129457195,100.19117381174566
1013,73.84083069942398,100.87210651727095
3863,55.38502149564137,117.740197050665
943,82.12637867811726,111.0633078145568
3520,45.70292295263329,109.96703507878813
3116,69.39122424554058,112.71937414879578
1794,41.55721746139126,101.96588435066408
4284,64.59945717990408,117.35328570670751
1032,49.12362976920576,112.44358136760748
3000,69.13337292940457,103.15313855034105
4160,63.94954746595664,111.3274131570805
3620,66.53586852996312,112.41787551349005
5,36.668118260891966,107.5711568950671
2872,98.87319300941166,119.39938942259226
701,54.492521926390154,115.14178212270687
4916,44.759344057685254,107.8847852638623
546,84.01090705082962,119.20353646802508
1591,37.66261173352411,100.7300513096416
1560,45.28219173223078,113.15628686707187
1168,72.78613274023087,101.61095564392416
4355,31.696075861614734,110.76616634331027
1148,34.65042246297456,112.29892128501857
4890,64.43984879804006,102.82568664987808
3259,34.547036382312776,104.29971007195542
4780,41.28702746468865,101.135193766069
1281,54.45203158878075,109.3139662853758
4979,56.88760825942322,107.31806006770452
4010,63.666576181941785,110.49618179966677
2085,44.788727259476396,109.2684457389862
3578,90.08637121689225,119.90948720797188
4626,32.617663211456616,104.4216528479143
3669,51.903375592817156,112.70348531158278
4930,73.56277576435946,108.33838402204522
2992,69.69364318701409,107.55806397487484
3062,68.92460292707695,117.70144632815399
266,58.853490430837404,101.12977158368759
3484,68.29946989566128,102.71678340125929
908,40.24705141811603,102.50526632208164
3354,72.72193536937762,108.21018516635245
2801,49.9204443580256,102.72532171480358
4929,42.583516607608814,105.99699745837908
4932,83.73113366631736,117.38308904747801
2083,84.72906798920027,111.81648179192892
442,80.2574257787262,115.6083583414442
1310,39.76978590109939,108.33287695519392
3897,30.64318138023918,117.9886623787135
4606,70.10636561950434,119.78350696469265
3202,54.997498773327216,108.74557868805964
4349,53.528698546054365,109.99707723718382
3212,35.63308228634883,103.72352726982314
4999,58.41693394964384,119.93048209784006
3553,35.33330064919835,107.71825124512978
2208,52.729066096345605,118.06393726245956
2467,32.45241388241182,112.70829334851429
4958,45.42150611532162,114.63507153145636
1141,30.09877122912305,111.97057295526544
3009,12.029319686465108,105.7534696088921
1441,38.22507779981785,105.04145572430015
4501,53.151405903198615,111.17938600096446
2079,14.016205311866312,106.32161091733698
733,76.3870150823343,102.17053081792663
597,54.34388835114432,101.51995940511179
2315,32.197185712038376,107.97214230161741
2877,51.0766158299769,101.20471398437115
283,68.77548668610912,109.21809375373788
1884,51.56604083231596,102.86414664565528
2835,73.47953396447186,105.75203790318544
3363,29.56662079628937,114.57420061006495
1394,34.416960876142504,107.34655449876949
2369,59.95014907961709,102.89254669783352
3392,7.0296604259876885,115.36484964354868
763,42.62223218962011,111.27892521698318
1488,41.31603286343614,115.1296274853176
2476,55.38490640022179,114.42603874921619
594,24.791328185730627,117.64615227742719
3182,44.46534273288545,103.63919270106571
713,64.33584471766719,119.12364227351955
1948,59.34142376860025,117.17469449675495
244,75.86076793980415,113.42376168560541
4641,35.386194043302496,108.54470251409398
873,70.89704359596675,102.10482514883304
4452,41.25795011556064,114.51518678217266
2613,80.21247980741916,115.95584839077118
3987,38.80965543775832,111.920390555768
587,21.161945420403217,110.66718644864169
2675,50.28126166832391,116.0028103314085
1257,43.21768536481889,117.4858899944503
1601,39.20630153159631,103.80475228896671
1002,15.988047577692573,119.84143223815391
1576,49.065717561028,114.24234212897936
3240,58.41180879603243,100.30444398805227
188,54.53945648405818,100.81464544852228
326,75.32000952703382,100.21594355143084
2814,16.25543876628807,102.01741101109128
3482,43.51754015767309,111.48326099867313
2005,25.36261354824977,118.52822843169014
4843,46.09616053511303,109.29936183651115
774,63.77188179130558,104.07694631176764
2000,58.82684949880552,108.31586112272622
4334,81.34959394319422,103.53868176182706
3157,65.37610952236828,107.6919803151874
4904,24.34415844674579,117.08922833042857
4064,53.69592557181976,108.77651990276443
3608,53.94036754027786,104.67285552119495
1738,89.95855515781211,102.68139415255516
2604,54.20982668529996,102.27335270986832
2232,52.212470505316325,107.53499166522604
1997,43.77710473859541,101.22166541350764
3140,66.75469022855285,109.98083819033056
1729,55.77531495563427,101.97611999274936
1535,63.97951145540189,110.60044994086444
4373,53.34770236692188,108.70949771538437
3522,13.975418106535814,100.79758941123852
4132,33.757690356943776,102.97228437544763
2450,20.83908675414635,101.19379558346529
304,66.82637968386626,100.14419186875828
2109,38.250564292475964,107.96193782077283
4091,71.49121746428074,117.75467230129374
4179,43.42116195899294,112.96940206426152
3819,74.88726019962262,100.16588459881815
19,66.46601999842169,118.44847205358968
4804,61.84140734022358,110.51771805051794
2156,42.54228740598703,115.56828921690818
4667,63.913904271734935,104.17884153756428
4038,28.846174847933717,102.58940662258621
2096,76.89440033618456,111.21467070936643
4270,39.476115731557385,118.31485439787005
2400,28.539611740774568,114.19494180487158
989,34.65590641043449,103.05702985985243
223,52.9108207481465,107.78493045203302
4327,40.35080387468597,111.23860690750091
2983,34.53045409449524,102.0609509714667
205,81.7339644891608,117.66807722156652
2900,25.514475569839092,101.61761176116184
762,39.627674738911466,107.15376048424872
3446,18.910742113067233,117.43401400083073
3007,51.243547906106365,104.43210928190945
1427,40.222093564245036,124.59864930813154
2851,49.41078061924753,137.75552460868334
2375,62.149878625842256,124.3863663034798
54,39.6419792776098,123.9163151804871
4484,65.2563037428382,129.4707181381317
3497,66.12401190073521,134.90798510963407
191,16.76111494889493,139.29486967896506
2412,64.46867794676422,128.72435501480214
2264,99.95992417471749,133.2314036626403
3010,27.277321398148562,129.33258052988324
4712,39.00921074340579,129.56802563610944
4555,15.244695516583647,122.0283440117093
470,21.527780042263327,138.35213117330792
2194,32.10586305160095,134.03621963797326
2659,89.86718696197944,135.93328790119043
2695,75.0995084146435,135.37787534645307
2742,37.54728762060655,120.7062871714607
2303,64.26636327513961,138.07443148758531
1990,65.05126867915295,124.2203128982138
3625,30.71822331401095,131.90997176638015
3315,43.556858996433974,139.5585241031918
4345,49.88773963018788,121.7789814395963
1542,51.03489939716122,125.10736930216343
1568,75.34605574565508,132.82145733680508
2960,9.560623533270807,123.45622966118
3301,62.43725161641299,124.45917119618755
751,55.39333824227586,133.44435353777752
3530,56.98432034715511,130.96777878950752
693,47.9391908688909,130.51332833491855
3471,19.774141509926398,129.63945625599095
207,76.32489521035981,124.23857701061036
4566,60.892664099559354,127.91157541330328
3477,35.321812119818794,131.59958547819502
1433,34.332208920931556,132.61046308439006
1218,29.096498178194302,130.39260549983499
2981,66.74673257587847,134.9893281432563
1717,69.76024792929275,121.9880295271588
606,30.805724589635176,126.56691379508352
1965,47.500560128146546,127.97194159619806
3112,54.84961815988261,135.17340379372735
1005,59.42079315297089,125.93135644249435
3031,7.6976609110497245,123.64912955775343
3310,51.782033143553285,125.3498799088488
856,28.526370981630173,138.93508541953392
4624,57.34279084605687,120.20025756205295
1177,21.52971509670905,132.53766022849868
2636,29.173511298993805,123.69288347375291
3704,46.20830441523324,120.92019688922623
4728,61.86434855761807,130.67558351948296
2818,64.27092074936621,135.145106538021
2274,72.42442143136729,133.64621666752728
3872,53.134122752564494,122.52193878821524
3539,85.87211163303255,123.13540994309416
992,36.47192700752685,139.50790530449515
1324,44.58137695325677,139.5835024049739
4046,39.222730476873046,122.27831739303369
545,88.96795430275081,130.3455807541171
1094,68.39861090023723,127.74183083132877
2953,51.796004627043324,128.63657717323085
1480,93.93254554507126,127.99286699550558
3018,62.31530841626022,120.44964703335907
3774,55.5858983116617,131.37461677188952
4018,78.18970221115349,127.21497454124209
3375,55.0550843935204,121.02206075620128
1242,64.04895563082658,132.44906971091007
605,36.73540188222968,120.36835454731032
42,84.89914306433046,124.16443957451351
1720,34.51225983236497,133.38924235711886
3014,6.2664533171451176,137.45223730378456
1285,39.793463574621505,125.55393580900952
4707,32.38377175893862,129.10723395714405
547,26.83829615487857,133.13631652027644
525,57.93386528020753,135.68880259363726
140,55.763975032549105,120.65322511081713
1166,90.05344239787588,124.91229669532447
3850,26.180136381615235,124.59323292197467
1604,33.232755262005405,138.75621825505578
4517,76.35865299175953,137.3223593729072
2901,20.4368391530932,134.81336157085013
742,19.21556795661018,125.81767985569223
942,73.11626925389211,135.4525050724103
1309,39.99370072712065,137.35486635010736
2023,70.81329227318959,137.53926057894344
2832,32.93083885199495,131.04823608670281
4925,47.42943510416808,129.48664325096814
2030,76.97146470387213,132.12499821011372
1764,62.714452725233876,137.7258553971885
3220,46.447853335214425,139.79858569797935
4100,35.763935849980534,138.6239256731418
4755,58.97273544719612,132.7881609615114
3877,52.030839280048134,126.88703953690391
3272,87.21001244407078,137.66318315193794
2313,45.956565487642344,122.77877201153342
4927,26.28235318503675,120.33434084924649
1084,44.186868598279744,129.10862517133066
213,82.24816277924864,132.51234279616222
2946,46.27142084376082,126.52072318685335
1914,60.74045576649446,139.13276772315
3144,45.88288258407571,124.65335043298435
4128,6.764563497982817,130.81829056703205
1352,55.96593396179232,139.05500346659719
1577,4.199152720900429,132.30820417844404
2866,50.6641383964044,130.82514048109635
840,64.94129611474257,122.7011031714163
596,65.96445675415882,129.85156957397214
3335,17.22903609799949,137.32155983518913
3372,24.69927586506975,120.28018106383728
3824,31.816583965624343,130.8129086336197
4515,82.19464160171863,138.844336694522
694,50.941218381009904,124.09400397756731
2751,29.983327190085664,126.0107504679553
1197,18.585074217590247,139.6574358447872
4390,76.99920056553306,126.19728509751305
3437,25.51679673825961,138.33662577017537
1737,46.011790410734775,125.10813901623821
1526,71.6974963528483,129.97994129679273
4894,72.05199801510385,134.0070493706987
2346,54.785232366349966,127.29643500159584
1359,20.361152183711493,128.72687168635943
1286,30.370219273322483,139.02123799096958
2554,72.22511522786556,137.19772113175685
2427,67.99686963036291,127.68564170394394
3645,74.62151208200736,130.8386513209783
3800,52.37209678454875,125.40509425363454
3823,22.820930471308174,135.9925599421505
1350,43.36792725918573,129.11765117936187
928,41.453976113282096,126.2768663585351
483,14.721256471128127,135.4920833857015
653,0.4654793979223064,125.99863054233784
2959,11.437735929856036,131.6502021191622
2721,64.1446987370197,137.79116451009222
2226,62.41788761421242,127.78451759236721
2475,68.82123815637111,136.26592593747
3198,41.29098739917112,122.34008684578698
1666,19.717862363058853,120.5932879901584
784,40.68737660968738,124.77410125750332
2505,45.801189098947106,139.8443395281954
3915,41.12544910660159,120.79898392148789
4507,72.6665651454324,128.93202651294064
2517,50.598938018601075,121.90835791954456
2070,47.350112993838174,132.12064592717795
1171,38.40746079429198,121.9144748966703
2873,89.89617423298327,132.47447306622288
3640,36.07887737621862,128.24141205015258
2077,36.8792062019525,134.50029750155545
336,57.74423345951063,128.51150466697158
3636,2.578746521948739,128.17968417102313
1282,68.65775960338725,125.7058836110004
2035,39.449927297490724,120.7077700676516
2574,18.332525460695006,121.78033401946873
1593,91.05025651615752,128.5219301527151
4842,77.00693026449956,120.64940940265579
3199,24.23350446368936,124.41122475989944
3936,26.49602392137126,137.84773939458157
3236,78.66020359901303,134.07409748070623
3322,58.92226161235058,124.47282165624132
967,4.8720907774404445,137.56637104288666
1259,62.22920803725783,131.22617105320796
2831,19.823801636809307,122.50245671636644
1851,74.22345189155438,127.32200336071196
3581,20.543365195277254,120.78059001600133
3155,25.76592498501401,127.49233185411606
3019,38.0911937496374,139.6316672771525
1651,31.23155112868839,124.88700220939474
3435,31.97039781652801,122.84545847897571
4158,59.97009634374778,123.44046699385665
3933,59.08697035755544,121.36427025135887
2713,34.00505732862187,120.50449387067192
1655,20.270499019585632,135.4980117238605
1845,15.42128101300209,132.06062141879153
3566,29.78764123388755,139.92077501154765
3071,63.37119477943178,130.54805152946037
1620,39.401476475294,127.006641220174
132,74.37261437939803,135.67830272969434
588,9.881279474857758,139.28072920337874
3005,28.455820631616913,139.03404866998343
432,61.76090649452491,136.22879652539964
3302,56.266822235643865,125.75044333685413
990,40.753545787543956,132.1641052579527
2439,47.12956771252201,120.52740014086923
3512,34.98441618588305,131.67359810261408
1595,60.884185910969926,129.00666934098498
1867,17.077668265248555,120.91973742170308
149,16.881467415951107,130.5273304205969
1573,57.599105775161114,136.85478456430155
3996,72.57089396856416,138.84379363526858
3115,69.03462329581292,132.88095802617121
3200,45.321640560461006,125.93426986800449
1222,88.88388071983995,120.69962029669712
2283,33.08466646787902,121.99219220706767
2633,40.349843325053676,138.29594209274433
1925,37.29563247755311,131.76938075566878
1290,71.81221558444022,121.18100515562904
534,56.58189229493033,128.215219360964
4274,39.80684371705515,132.24676946671218
1580,65.02586480242815,126.40633285186571
4312,59.590680997927656,124.07169879966948
287,76.09890906525813,127.99390784491341
4882,34.7179048779073,139.4824698170429
4873,76.97977732137281,121.3270296023834
2017,57.3578446664625,131.1611456710577
3780,44.65762832872685,131.30519294804108
1523,23.20195599325707,130.73327811260359
2411,78.797757397316,134.2058647103395
3916,45.49579258709436,130.85888267191842
2723,20.38963132716525,139.54156721179186
4275,64.40398537398907,128.2719370400025
2565,47.748064074699954,139.0262523726248
1335,45.71173702878122,130.97465871678034
2936,10.256967018174057,139.27860360750634
2457,17.051560315841378,134.05453145059764
2566,46.05722864612479,134.20505943986748
4790,97.11710757740605,122.30434319675814
1173,19.80070576318618,132.29373019265688
4754,25.35911995036639,124.42941875007841
2702,33.502383576364544,136.32547098828795
3295,13.395518818971393,122.51757834483726
4394,63.746885664874284,129.61424477874905
715,85.71786352571601,126.26588255266466
3663,58.31564710748837,127.78421376064298
863,28.440272726657945,134.54609773727458
1581,45.342284835624625,130.99169981399606
4331,37.97616877767764,137.62693640463954
721,62.009046605349944,131.85994152169138
783,30.623259145474076,135.05945735973006
4122,27.788688032149,132.2769638675363
3422,51.6930470660194,123.89909840850588
3489,27.3908946443675,127.36264206143049
2003,33.64198889641221,121.81561932826942
1483,48.296599974976175,135.50407822182873
32,32.485629808384644,122.49936602168043
4957,86.53049597232489,131.25776483824683
3727,71.71747734287807,138.3656844056562
1902,54.28152016698481,138.57196885614306
2618,51.50660342284276,131.75067694911948
3502,21.730848234276905,136.0263062563788
2286,45.030602981835614,136.4610040495208
3687,62.354644630492885,122.01692381852766
121,11.181812358643668,138.53947002944614
3166,54.69549891374612,139.12379624615238
189,70.82131199290927,129.19703159927977
3680,69.08643845628761,126.63347160346687
582,77.71905757944157,132.88692457470628
1475,60.60448110788042,121.87858916490049
3215,73.46723090896876,121.48292599823179
1120,60.2938474911365,129.44516584180616
1886,39.63009006554418,122.09179644059591
1878,28.08607266133513,120.94569642055141
2663,32.384158981842454,128.31386374145652
3799,48.64203888935378,130.69963317790317
2220,55.18126712218368,137.88128185923608
3056,63.24589539602314,121.90787477180821
3729,83.05994339424501,126.61449514762552
4386,62.86917046605149,122.83624035418616
3035,57.358574769835904,131.8496367849875
4476,37.474796226180416,133.36940423760902
4565,61.221140820307376,135.04934987070678
1185,65.48834244990508,130.0446247752209
2933,35.17103884148229,129.9547197550225
4807,51.876646823301364,139.36789745118605
4657,60.08728877451358,130.06874790768
3145,72.5411068122752,129.76186812641888
3273,72.40669288021056,138.00046082367248
4612,55.3752710714608,122.6157971535866
1162,87.33163403155602,124.08364184342008
4011,69.36740805367289,132.64593213063796
3464,50.525048602763185,130.98278287473119
1400,32.65470476208385,139.33452533176248
3935,3.8939589390769815,121.59695234231144
708,84.1028519169439,129.58822820628396
3786,29.216448807031426,120.26616486908958
2687,49.706681420069074,138.2332599807861
2113,15.244252458685244,123.3220023183392
2376,38.34238113701562,139.4888623034984
632,33.22235858241756,129.7518222088867
3778,72.87802185475026,126.5660732077953
4768,76.0848786962072,132.89460115058966
468,24.483162457503308,129.5845709161226
3124,56.256232463038046,122.82321604093326
1715,48.87104971433486,144.82688698724164
628,2.8332498786319333,154.7579010400789
1603,58.717278270133285,146.61430063499068
3851,34.35407156912169,153.4585199306257
1862,59.816323328634006,142.45491329811875
1807,19.10847408882355,143.94598060414702
716,47.79446906817322,155.65721430712543
3442,87.88020339605957,156.20575765544692
1426,64.00434198639239,142.4555421949856
3329,48.57552545584913,158.76733150308152
1668,39.302376614909,150.48475954543215
1569,55.64472537353007,144.91435111284602
1605,29.96689232268978,152.86331458138503
2045,65.66490945947052,155.6971456358846
2430,74.04384270068759,151.77227393163253
3891,18.146543757025448,153.8126874169429
1923,59.96978444167179,156.66861255781802
4050,94.47744383956352,155.95205160736333
1787,59.8443771680313,145.38127354245017
2764,27.095431074581622,150.44913729745255
1323,3.041769198433567,158.62304444788882
544,74.95803391562889,144.57318001874503
3066,70.26796787441471,144.26392623802323
238,65.41214486656415,145.63234853416262
2833,63.60451241803793,148.50472254308846
1747,56.81347426077668,144.7236088673692
565,41.72782351837097,143.83665341180358
590,65.54435030978775,146.6434729024186
3633,23.80344819379565,154.32085261875173
1012,98.38531888960348,146.14158999456876
3707,35.20617984225056,149.19677444926242
3697,27.066504406149143,149.56604371622134
53,21.483872445594567,159.70821235733598
4343,93.32720219834472,147.74653400929589
2231,47.87457614698333,146.7146315153549
1087,91.97241856916632,147.88409614374854
2428,48.90274385394265,153.15721719574282
4307,69.61970254881426,159.3846255899202
1019,86.09225994481956,148.8984125681857
4145,30.819779895335717,143.3243728370708
4557,67.18233474333883,150.57344833533188
17,88.7595962214673,146.86334739212958
2725,33.608376095410804,154.15799630944073
2066,63.73352785725178,143.415724272177
4876,27.921703847727017,142.9249209641508
3892,17.146462410626153,151.92413475366027
4980,84.26853177345602,143.0993144116341
3244,89.83776260147069,148.7200815263127
2915,75.8289437289726,144.7146457597496
4357,76.22272136341581,157.4814381021846
3384,78.31415638766345,151.96137565599147
1219,58.26587744225078,149.24992295236382
598,65.03446383637488,150.0712824748211
734,60.81234938349517,143.16518672273781
572,41.73622103427157,157.39773205683318
3694,26.481643205025954,154.8555614023196
2957,36.0949665192902,153.23408925095413
4588,55.974404161023465,144.7100422272926
2683,17.703418518075548,153.10980731616394
3011,45.15483535662717,143.12921896075937
2919,49.883519563031385,149.58069857630483
1693,48.9202090258581,154.43456030570056
3670,26.44486452025507,141.320541840388
1194,24.51763264790597,157.16296652936938
4556,29.001337795195926,157.37678990436328
1943,43.40789810825433,141.0818995202147
2837,71.88622186558331,151.48903421454324
566,44.01568629135392,140.66971663004568
1808,17.60492640711486,141.19579276797037
2676,49.8751699270043,156.66618691801833
4129,33.24612120315094,159.92014891786587
519,54.17326933836718,142.0168982176474
3700,57.832984228866216,149.26102137437772
2927,58.47438530860014,151.25960235611038
1765,87.01918563201346,142.56372572520297
4144,23.711042914314717,144.314552775014
1900,26.7144446932709,142.6927023053189
2918,32.37650068641244,152.19153590593788
3072,91.57792067284436,151.3154019428851
2958,33.174851833670175,150.39165684213458
481,40.76855475825313,143.04430748140248
974,31.049321973134518,159.12438478596545
2363,75.38823717111262,145.00557187824268
2403,80.66560960165577,157.29946193594807
2018,46.55993313721693,142.9644601565997
3722,63.997817117585384,140.24766631874772
1730,46.505106385222966,158.93530575741391
2931,31.29566483852652,144.58657979820282
522,45.74262729850712,142.15433891103902
247,45.614664212819264,140.195310163694
4356,33.60655840166889,154.77382814674047
2025,24.98408875832347,143.17327018311732
3840,84.08669101654466,145.4576772811211
275,31.82882241254919,151.1993330620993
405,34.39220065688256,150.71527797239742
3667,33.791011376710394,155.74878184704716
2202,28.719913795627807,157.56429084614146
3503,4.700184616376037,144.4769749237908
2002,70.35167050500651,145.24738806398884
735,68.33784582266625,157.77057716437383
4717,31.07143610895557,152.77699473085374
1195,27.967306785498966,151.95932240767476
4216,30.89496002852096,148.52204308673038
138,47.350955094220474,158.17887379823225
2748,34.999662742882855,152.4679098443431
1791,32.88700202061816,150.9562754497731
705,93.98068615170831,148.65291167821027
3612,29.552075016289496,150.7304613272992
4668,73.60856531045245,143.64411758871702
1328,62.45894830958059,142.87210011515575
4788,46.51568110337975,149.49882733544615
621,35.109864390106694,140.19136255715293
571,17.459288370478273,143.86432129979573
2372,67.26285614015961,151.86741252562246
3268,58.390448590872545,150.87441891790525
277,6.7284862440897735,145.66520339782775
4380,71.2702928857395,156.80282327360197
1508,33.3677126117343,144.07850819794112
1174,39.901436981491436,150.9579952353338
4277,68.40331152740947,143.87950874832092
627,26.621807968954386,153.21751501936583
1479,81.07733689351684,144.9558954335125
3549,36.355748158319365,148.45827389957776
208,65.39534230209178,154.07646469480494
4048,68.31690879272135,155.54568671341337
3337,74.88858007388973,149.6053177378936
521,85.71975492826019,153.7479526356276
4341,92.54460050278671,146.9655916946955
4118,49.89041744874725,154.22908184596398
2606,31.133636131788343,148.52325771174014
1781,79.44315625919103,151.84472223450192
2830,44.367513847479934,144.1842770091081
1718,83.13038691359306,142.97522455192802
256,22.55295275087992,146.5459411130215
255,34.8925733803307,156.04888977610238
4126,22.620910094966607,157.16134720870917
1592,70.79253518790655,140.31293708944722
1215,64.22326816382513,153.94231654955348
3174,57.695098650482244,142.8143738484585
154,33.037654604681805,154.9612712560682
2719,67.38742588288476,141.08375047628004
4512,75.25158492127998,151.04490396122637
3070,93.917351567093,153.08965179276913
2753,54.343111478227634,158.7261973008537
2292,33.65014779879557,153.63213956818356
3702,40.685413734927735,148.38761512694262
1961,88.61215050611256,152.6377237036929
1401,72.77493729186328,151.41280194233062
1555,81.90375410971738,158.62276895805383
760,50.147074177774925,145.84163127134306
2154,27.418824413503355,143.06555323356653
1078,20.55763332310594,146.3376470691082
3643,69.97418180397139,153.66371027197638
3093,19.794907670197833,159.58502790046953
4172,74.82081608616468,156.6990931408448
2458,46.86363854178658,143.40434544582646
2871,93.04226543172186,153.07167244615513
3320,75.18731642868228,143.7206835969001
248,49.87343425513497,140.90052771892238
4902,30.024481969417984,150.15461009170994
2671,35.48642532516895,140.92411994488867
3609,56.788688638472536,155.42696621545
3311,48.636966261153354,149.85903616026482
3555,6.332576683677713,145.4386030046834
4872,61.99264136922083,142.5390269039924
4541,49.498447349290856,144.62111474256722
4543,59.71497642373872,150.31349512292186
1184,87.27474298868691,154.06587503756634
3534,39.99023063409816,156.98941396773301
4689,59.203580277371714,144.60635771173892
2373,32.012830108311604,148.51100833149837
2020,63.327220610302184,159.57940075593402
1366,48.319855112879885,153.69343213274186
3992,89.80634876773667,144.01734540063285
619,47.85593653666578,148.69171022761748
2316,34.326415714666645,148.41773666481834
4443,45.63203728035451,158.91661582920804
4982,33.362914173563674,148.92809535398848
97,57.53854210789925,146.26777384759674
1760,65.89068513723242,146.4295008030339
4883,19.9297591019375,141.69863110583117
3532,42.658877465927795,149.78911872291974
3438,77.56110699591726,147.08957839804071
4561,52.15273108154332,142.29786823335684
1247,95.63384297964342,144.16445147710456
3561,92.78247772606434,155.4833191733793
4384,41.93465988165501,151.43752050387937
1963,97.19907667313178,156.44194260958787
3825,3.0891180401357885,156.49195197482157
583,70.85422087595686,153.5123786696053
4389,57.73918068104369,140.68901179442094
1196,70.72379186691543,148.46660217993528
1732,56.008174619978284,155.12592599674318
1425,66.88777496169135,155.10670913355668
3402,91.70834264938499,141.49949100950312
3280,20.185439412593464,143.4597483575235
2466,76.05258176271704,152.74241222823144
3185,13.420976866677547,147.28442677059743
1088,41.225884122519176,149.69522421768238
1913,88.46775893195738,149.41446337536115
445,71.43417335138687,144.37486410804183
4395,22.3556613461107,144.9660813790924
3006,43.50198293375019,153.71491622243363
2612,58.02953442286624,149.9094950420195
4287,44.207191980136926,141.09295014299298
2345,56.89643997340339,149.6210420948883
2404,51.170504394318115,143.22509687800456
4534,65.41352243826903,149.4369007917763
2465,49.42023783783446,141.15630506274294
55,42.07377997185755,147.99137224428262
3573,47.73973258879822,148.9357295155571
776,45.64072552538378,156.3434783280016
1848,69.50804815410723,156.7677579124435
4475,69.12382041071882,147.6374690455541
636,30.76533571331723,156.40297385648898
2854,41.95782662574421,159.45737220917297
3430,72.82024552911977,154.9880181745952
3468,72.28284953912552,152.11513800461918
4339,81.90808408180189,157.16724291167068
356,9.079164312805537,158.84176561632657
2415,55.103617444208794,149.49876777915625
1665,27.81726348491847,145.03499894220292
2682,40.93568379489757,158.38721869330539
1881,63.68951983125101,147.31271583951985
779,86.95918526190724,140.5051384689614
523,23.747551364740108,159.06286227597155
1731,17.29270444676732,142.63448543327698
3528,61.863555068452996,148.43221626160624
3498,51.29252177409768,148.97958399033584
1771,42.79612057547453,153.8444542531991
2634,17.739581054822345,142.79734815505242
1450,39.23040014417981,140.43980509455764
2100,93.53901238921176,140.06150104055632
4757,52.226491357105544,151.24769473919403
1178,34.56718956616842,152.29442812595232
3571,92.03111904379169,146.77074662268777
4670,54.024630824602546,158.47408839700063
524,65.30424570358399,158.226327191565
4393,31.728485502521,155.18078579016932
3994,69.79810935311254,158.35264372409225
2072,36.28367957043724,148.3961594523999
935,26.528450638383173,154.38375353003997
2874,66.56866849362935,148.4169571734435
2924,80.28685174664838,158.47493109011825
1901,48.96923923225037,147.01436906661732
3118,28.800823661563054,151.38632775690132
2097,36.22308921888393,145.68159430117032
1982,44.22480216288096,158.430142279703
3899,55.526853136845205,155.35524047936198
4063,70.60938002000194,142.7598195939304
962,27.629844780745987,175.10853563110797
2929,3.229985272210524,164.5930463999576
4563,35.14609485820549,168.95462160605283
426,44.04644774922822,173.48419213646966
2034,74.20244161804959,172.0699731158733
963,31.47435053905301,171.43158932492486
152,52.665985573539544,171.61463031997576
1759,90.4491375021399,160.2879173602841
527,85.15618112218692,171.75379711032926
2223,96.0427336613878,173.58100157712795
4687,59.1416472979525,169.97202238217105
578,56.00244701158144,160.99379014342344
3391,10.304987372411855,174.35286553522334
1356,29.15609053837252,167.12670135155003
4542,69.28212385435721,177.3793693773471
3235,65.49923070511424,161.54242981843188
4762,56.132632494774505,177.40345688235809
573,33.71717814530459,162.52595904787916
2550,50.05617038547985,174.4981385165029
1667,11.80266473994031,165.17989679937418
4881,39.846862568903646,171.97224474249572
4278,84.46062864734596,163.22884605171006
4743,17.795859145473667,165.03639029221682
1980,47.03854718637722,162.5397510672271
4316,67.88652975327363,168.1392350030718
353,85.55427373006313,172.10044924698695
2679,25.88340027444267,173.07846775428212
2019,29.570771753511988,178.50099417386986
3521,28.141346647458395,169.3971581856544
888,1.198599878243769,179.60549080786583
2626,59.644902599842304,174.62513443728702
2098,41.33774151664875,160.70354611888632
3394,35.340708427298544,169.78864354974363
1777,28.597687472300358,167.00851708341796
4109,73.84643898757281,178.5070027240804
4047,56.60028338474461,167.84612434545429
1248,98.81943457898888,161.51271580008947
4631,28.770425246761388,178.33236849850292
1186,53.246371035094825,169.02729298400868
424,4.367909350323198,162.9273189227426
1018,69.00444135926665,161.78622221141606
2461,37.78435756798724,178.5039038495989
2732,60.201216301120475,161.45562685548902
1599,32.824944928810474,177.30324855778068
4285,37.559676969310594,178.24385676132076
2004,21.102754304954964,167.18231738241613
3017,69.87570092078407,170.0428749801209
2590,43.584652520192186,173.13157817130764
3637,14.962814140567437,170.59656722557622
2500,70.69505966874117,161.07820601850938
4909,64.06744378362644,170.67919926145984
1879,71.9728795126159,166.73407395870345
738,99.77916341335592,165.37168012378916
4169,27.259020308062592,173.92529599810555
1429,13.983349083645807,173.15138053908075
425,14.352929731294427,178.92039734780133
3117,36.33031565363067,160.22623901392762
3900,36.34954064809482,171.40747762112338
2934,49.84490195029615,176.24624896105297
2638,78.81565073135378,163.43929773834472
2462,50.607478881607456,160.4312273248626
543,61.08637530590587,165.77088397266718
2949,78.52513467613724,169.99816972674728
3440,90.62164090182985,178.26661750712282
4747,36.004009445914924,168.25103527162744
4716,51.41010090613839,172.20817274236234
3641,15.82859824021276,168.68947828234428
2964,59.86905785279305,169.99734909710918
1363,41.150910376004994,170.18463595342826
3903,59.107687058913356,162.7474831775045
4113,50.60136738870735,174.58925566303031
2001,81.50253490509994,175.43876093535977
4315,52.17476746024317,161.74767237692538
4388,77.80425045974184,173.8855268657893
2250,43.44231832518385,169.9955885967473
1761,40.90704791967304,167.23905782298644
158,18.842470605773638,163.5793762203949
254,16.07507133246761,175.54276114038342
3487,25.35826299851811,163.14572854945106
3733,68.73834358395125,164.85800503931432
343,76.47749966144858,179.68850356823074
4906,23.861463327950663,165.15967575716869
2937,37.87356609809493,165.56088118458578
4844,46.68058481465921,163.21639277817334
3119,27.53462679552905,165.8620546671157
2968,55.69827792771019,164.57016597356346
1661,45.96339111862142,170.78355815031404
554,34.015873478742506,174.88373704974578
3666,25.3399316913877,175.40467229041062
3504,22.89453499418057,167.66114881969256
4658,27.307605186006732,163.39177198836066
2678,26.58004810912923,167.81603008838292
3024,41.46998100815947,167.35002359282188
2289,9.090949745692175,162.34210084001734
4544,30.446299155902718,171.71312043057173
4953,78.8268119553493,177.14446943409993
151,45.10757083611097,164.34596967921567
1672,73.53296770308212,173.0773736143741
3890,54.74567865715972,177.38889616851608
1469,51.45958791221647,169.29295888268118
858,22.57695863830305,175.89510577363583
1239,59.948402091744136,169.49773835562402
4444,42.290764172841705,170.48487438390413
1354,39.04900406549804,168.49142498148467
2013,17.325825601711315,161.94945753088226
3990,70.01753190253275,163.63728095236894
2724,57.175290525002495,164.05572265803474
3095,53.70963872736296,174.7580291572512
3374,47.25137328208324,169.93469486859942
4017,41.07201079045333,178.22776592881507
4874,44.24076859530121,170.19539233135413
1073,63.12817090619119,164.8772082012706
1367,55.79267526975422,164.79534237185266
3529,61.89605832558584,165.50688341194402
1086,19.78941496814001,166.80804324078517
3113,85.00418325657176,165.74314507177618
3634,49.62028203903475,178.5148407788293
2297,59.49997343435477,173.47201978835056
4121,66.69063237632318,168.89011078619598
1643,18.004243977146164,176.57464112235473
4806,50.677108563088424,174.03963594026783
759,67.67626139735468,177.16325610633274
1325,54.079322956355384,165.84360446759015
1882,67.15684060712952,174.33194818343918
1743,47.761843352454214,167.7010854533089
2473,73.14963155714133,168.16303422235606
2670,57.95758937744365,164.59205771936837
691,49.783280059344044,162.60505837365488
1762,27.844041209021693,174.32120147728767
1076,32.84685704818243,167.93304524696526
574,64.97158433948064,173.8975251682426
3726,48.85592898505328,178.75763991766254
2729,99.83049978560592,175.33158347873692
1656,6.640119994116177,172.87796647137006
4713,38.19983879989547,163.9698560345289
4686,66.02336733088056,178.93109017531432
745,51.25720467313703,166.5494604837474
4279,66.794056002767,168.6408265115805
3565,48.430317171315615,162.2158674184219
737,79.0769532677608,170.14186545185572
3396,29.770406376521038,171.90498185471725
1788,81.51031099022573,163.56135191759745
629,14.532110578145387,174.752481895377
4540,43.55167109798319,175.9457064692919
4751,33.08248861794267,166.16159662721202
2720,44.24963317074375,170.4008820878305
1843,20.47610690095021,174.68997899362887
4878,48.78942859681862,164.0722702466255
2844,11.409448129228744,166.66001456696145
436,58.04259058972131,160.74296556251218
4539,36.87470214707975,178.47868837343552
1634,78.51409054305205,166.64075172236213
1912,80.43624671769197,170.03476093923183
4992,33.865696570194416,168.47513370318052
439,86.43486954739745,164.59811576955815
757,73.27618839554032,165.48712740952627
4110,59.556902673794575,160.07759184467042
1792,65.29193307371739,172.00886333615398
3441,78.69988641861097,173.90745231612394
887,36.81492772898417,163.40397654832915
434,66.15377207610598,169.4930181733944
4659,68.38561967942445,160.25684720002963
2143,45.555977961620435,167.62954213776212
435,48.706704279458116,166.00126660983904
1522,18.498890810138114,160.66493443909098
3923,41.53717548002884,175.31692663561532
157,54.90806943506023,174.36860174649019
466,51.80693294638382,162.01922098296112
4777,51.17694771971753,166.71924176153962
780,61.674974796859644,179.17594634202442
4993,48.97941886007007,166.47221133773428
441,69.03301391338687,169.53588759133345
233,58.91396864281994,179.78668757976035
3610,28.904450667470304,167.1872783956161
620,19.2659724834248,167.79447855195752
4661,71.46217957289298,167.96375880056928
2947,68.66031410289635,172.6199629513879
4299,31.764509503244103,162.60225212399348
4769,40.74524741268494,168.19439722714702
2139,49.991277916127466,163.9725824618451
4756,44.22911086488296,177.45802511028947
1662,46.968353094369114,160.02910412685654
4779,35.486293216209226,171.67231641467018
440,91.17121907114792,179.81480701961343
3475,73.32908329359637,161.69158565451463
1360,31.63867458138093,171.98927263005194
1911,66.81116211818069,165.77724175967236
2783,28.200181709017524,169.7894279806164
2269,17.304010811314757,160.17320610883982
3632,33.60656603266965,162.85332055980697
2728,83.36133327834206,175.60303445312042
344,76.47749966144858,179.68850356823074
3073,50.129441348744535,163.66071142220687
4156,50.16011193222735,161.82238195999992
3955,31.60563776508272,163.99175353723388
1428,20.894578853385227,173.52045301827988
1364,77.46144018528103,163.48335504508006
2857,44.80606862606065,178.1236552039072
131,73.03544099885221,176.78216565860038
2487,26.08751317646527,176.68356455140795
540,58.046570939958976,168.8221390764057
462,53.39121617429464,175.76846498171705
3839,69.4169939362416,168.50761864465167
2254,17.769142303061898,174.355323575268
3533,19.632291655309988,175.04724114166817
2850,32.69830160786205,168.2965078139272
2617,74.40645084515948,175.64923608426272
1112,79.31883281366845,160.7641629763786
4469,82.77601787504764,168.90110885405085
549,57.12410452552774,164.16881639398477
964,15.921852089071526,175.9360127709666
3681,56.3598257588002,160.63254328918103
2747,19.93626292818598,169.14925265766942
3784,14.059706222354755,177.48834556742375
3723,59.69835057206667,164.57291338124574
1571,71.73072576983391,160.99368158662116
3701,20.67381009258468,168.12062859174196
2413,65.86460233636257,177.96909187808689
1358,8.450643209697082,170.24023846045125
166,40.66423509274432,169.3112473217321
1711,40.13131930882147,175.93222943809957
2935,43.94626760262144,178.22491835397182
4340,90.64540270326158,166.1933191100477
4446,46.377090766606074,161.90684801022414
4640,56.72483416136968,163.55687765307223
520,77.61674196161077,160.09074255339158
2855,28.593067044205398,172.78251493833213
2291,10.47839660729019,179.26945496941414
2914,65.00367094690233,169.10890798228118
4688,64.3665048367959,164.28082968147663
482,32.37754313616283,161.7681595604384
669,17.175866093032795,176.8623988877024
4877,12.774766412226102,166.80054972619985
4306,39.33553073577743,164.99076087007091
3706,56.69193222916339,173.56732075272967
16,61.98586724677148,164.78986044696364
3027,73.81626085207608,165.20917380047652
4753,16.13467198436397,177.69649151692118
4342,94.33058170806817,186.04563983109657
3486,31.90514327473661,180.41165208608624
2236,61.03095293939369,187.14679944337522
518,46.238121780579746,189.39505634060828
253,16.282453103722947,180.62598827790524
3699,69.29613348315345,182.9858016919325
2101,79.18969277011055,180.92631562251412
4513,60.377098794876716,183.972110062267
2024,56.663209502069556,194.6115446465937
4286,36.05454809708721,192.9365937743356
3297,46.70155640990134,187.60600446081943
2225,75.1761757461219,199.78697283636336
2917,24.759812447611324,187.39746249678268
461,49.08521474670313,197.07338172818953
1763,37.14403644269545,191.39684132877534
3094,9.216828124945929,192.6008732027148
3950,45.81808684516771,199.37907012390426
4093,28.958060566578197,192.23635692506687
3175,53.76856811804714,189.4626704694776
156,26.907782509810534,199.30253303386047
4176,47.4936132087697,188.7524031824128
857,7.8315675777328355,189.53149382487285
1147,19.931376424940247,191.13905334109901
3063,71.45788503488623,191.4256089783807
4092,34.561885823614986,185.28024731664365
3638,10.502656071796073,198.40837872974652
3570,61.50287136717521,194.8096318107237
2923,92.10952651736628,187.3792835460907
1772,46.405299158102366,199.11032768980687
2445,71.2897182032973,181.8727715441319
1789,97.58895427730049,191.37589259356582
1175,32.319268188724536,195.4737824313817
250,44.627226943187075,195.9560874029474
1594,96.52241667764594,186.09081110674626
3835,78.30840008401177,184.589980509472
449,79.86210513569318,183.66438588798616
3151,32.39426509754307,182.47760461931443
2843,18.06010169539401,182.72487752259656
550,54.72963227133429,191.47534365124986
3447,67.08418015969798,186.4044181868111
2730,95.72725807986332,198.584844386274
3734,23.481164942757072,183.40843339713183
3029,26.954743001769643,197.36174622958214
1077,32.47323641844312,188.2461049193048
2501,75.33663644153644,186.25157315861648
1139,27.898289636823,189.63708529586063
2750,11.462880119421609,198.9958355632748
1333,31.38211554067873,188.53304821905118
3772,66.53914586665078,197.35109506481083
1287,62.69704145397984,188.147795620822
3499,27.99322908884469,199.38450910412342
2849,31.83347342129755,184.95668782819308
2967,74.95429241103858,186.44988938489982
4749,18.510066827905884,185.37303370669315
2284,66.27890169306669,183.24713160630432
4746,30.836221873265725,198.39722726684403
635,22.07254768507472,198.17100515251977
2033,56.783967650312704,190.64921174362976
4778,42.77740002722785,199.48951039454258
206,89.38176297078186,195.61470627284262
4750,39.36368012181825,181.72318363906157
3562,58.270679245762175,188.3011859204021
609,24.74115543099925,191.87509590314082
4765,31.717394333943638,194.1009155998694
3123,63.51987970210411,181.70093282619203
139,50.308227202835646,181.6253949760316
2253,46.45708078889635,181.55524159287083
782,30.08335421691801,183.24567090961486
969,16.26669335062349,191.99422315844976
4685,40.09968914877105,190.17471444818568
3393,28.70740222267053,195.619038402902
3125,53.33948913918053,195.19881361590512
4866,17.198728979578906,197.5341592048597
3121,61.94708789115678,197.0325194923631
736,62.121677220351216,183.2910682270262
251,21.61455976457821,193.23028656554268
3294,1.3497954862875383,185.14202951205345
758,66.74230723047721,181.0449144059964
1014,83.16773678627447,185.49316622266227
1775,54.021237315991584,193.89363495827482
3064,24.800161648446736,195.45380119035096
1740,75.69934416670871,187.8597863923211
3122,61.94708789115678,197.0325194923631
2294,22.256353602353872,190.7844664437849
433,76.46897545635458,181.7572912298497
2267,58.545266448815106,185.99941682507298
4875,34.08997996569172,189.22137830028703
3501,37.13015116445653,185.41416303686125
3563,52.16340371957126,192.6858138576059
633,2.067607190183791,180.19820634718891
4173,66.8031144412354,187.60329243551632
4330,89.27470327070318,190.57391542365002
3395,25.55773847729968,183.49246320474882
1470,42.51437867981026,181.37563339986903
2484,90.72191479498974,190.0064754951176
3028,50.013416702549534,198.3735987689901
1736,99.49330324310444,194.6341149298928
3838,70.4206072060433,199.21314458505515
4511,64.32778959354904,199.80041378824
570,40.57879636944067,182.1192919348156
4282,23.891425583743967,184.31042802791612
3569,61.50287136717521,194.8096318107237
4112,26.24464656855227,185.1627851976104
3614,42.4470486852389,186.03234516430092
939,44.055585189333655,199.75810840936924
1306,20.126070926108767,194.5851882226565
2921,59.00932795509706,188.5034500608406
1557,63.47193419779876,195.19396741954742
3271,64.6398174343451,196.99094388562526
4766,49.92631929499928,189.98529819737945
1741,73.0247179333149,197.20168096732826
1220,60.370735101487725,190.2946554944416
2932,39.30066406895862,192.0301145279332
1477,27.14118681807414,185.42719621339444
2046,68.18501109460641,192.531441516913
2099,63.590124443142436,192.3812265325328
4752,25.194665240371442,182.8533061383852
3837,70.4206072060433,199.21314458505515
1127,93.92656245535623,184.00493014745138
4954,69.08299953811958,190.66363860528614
1024,3.4136294095431388,184.86732940410462
2015,20.021998117886017,188.64177460209967
3467,68.7065352493008,181.7617540553327
1742,45.237289050498035,190.65708936328846
781,81.8113183936477,190.77233730842627
1773,52.17745239812876,196.72992546438846
4142,9.904800063940082,199.9192532512318
2266,78.91961101176712,180.92906501916903
3234,60.52928452064518,185.94601577846626
1353,26.4038980288745,199.11693671287853
252,7.7067607740474475,185.21611913175548
1844,6.000532637903657,193.7738718402797
2940,50.810376882956106,186.33188069221103
1176,32.319268188724536,195.4737824313817
2142,30.51720168609217,193.15869067388329
2635,53.69234641440829,194.10064737717
3718,31.36689423248601,183.17731193921642
3873,42.92669181957813,192.21399351513145
4311,68.55020066953463,187.7965241904353
3773,62.9595206179901,183.76758838215474
2293,29.049207142311488,180.59691664330484
1430,31.042370184057607,186.2061614735017
3564,55.12506967157622,192.6669506189069
4745,23.282037184008736,191.0183533743418
1558,55.80049344681475,182.40187865097343
3004,23.7715301722102,181.11362407985013
1192,7.26481164130921,185.29756964213868
3703,40.20139253643857,198.63953503313988
3120,64.70578910050804,194.6491819705893
280,44.940872571056794,197.34679322130668
1085,15.741456184027493,181.89652658594585
3016,20.43072486711849,188.9333252283461
4907,50.53603277161059,180.83072100815846
2021,85.02891621366436,199.0589955185941
695,31.199491310681505,180.3998429008384
4174,68.39196494888354,188.49190223407848
4905,35.37132545805972,194.62477922864
584,73.24919214746842,180.6084161194433
2482,70.59892303362018,198.71643778972188
1017,69.68319883985856,184.22575663299855
1553,62.50735501571519,190.16369281465703
460,38.99079549873662,189.00340407046426
2969,56.91347689837575,199.8500645481969
4805,58.80585005446733,191.94331887120128
2224,49.7505620804793,194.9232050559997
3293,21.90844222855552,180.61871247495012
2474,54.45008091003179,186.16873255138282
2414,61.83042504795775,199.15416023570128
3156,33.01290203269857,182.2691716137116
4143,30.602381888258144,187.03962180989842
1735,99.49330324310444,194.6341149298928
4318,55.17702299461497,196.6380241711564
2749,11.462880119421609,198.9958355632748
1322,41.292846767380226,194.6152675981325
2727,47.69361097114961,199.75965557917328
2731,77.12841590803276,195.3088419425763
1240,67.70732080246918,194.41337596819767
1138,30.28897847930883,186.59976864667823
2502,44.891561270243855,190.02667703212498
2102,79.06561046060891,181.7539747043733
4880,67.63678470721177,192.19122956531518
4014,47.086309139415214,193.2617368577119
4763,23.75741489288578,182.7614066344421
709,81.18319676680835,192.46817751973998
150,54.01423630767814,186.666460165901
2718,79.85488196187072,181.93260557837692
4669,43.74954293006303,189.5549822532552
631,5.80852315614461,195.78156403965096
4910,65.76965838919443,199.7811475629728
1877,39.33395396059788,180.11629305054737
4385,13.501136504139394,188.1206218650002
1525,31.308014347370552,195.57786732827518
2930,10.305784810586632,198.49643070855785
5000,52.489052788959924,181.53933240161493
1071,83.38926506476955,191.646341596006
4447,63.090479345279284,191.81868736387267
249,41.93115292398867,190.35070384243062
2483,90.72191479498974,190.0064754951176
577,42.58584824090057,185.46752515378282
3390,9.591347176152974,191.1431046251064
973,27.366303260031465,198.75611208354104
1349,75.34016759334445,196.37126391534176
4559,80.06614932413585,181.20571608520783
2377,50.52180987376921,194.47885947498776
1644,25.36110803864663,183.5073578879346
3188,65.29642970963107,184.01026601376213
2856,49.90282885424615,195.187933076982
2285,66.27890169306669,183.24713160630432
2726,33.08996857268909,197.65821249214082
2485,90.72191479498974,190.0064754951176
3664,30.49190165700159,193.41179828243457
4280,42.66618217130323,191.30945570685455
2685,36.72272392489121,188.65821952557914
3719,51.41180908492762,184.88193340764408
345,59.83807784827764,181.08328469169712
2295,41.44839747617946,181.97457745251495
2287,18.303279085541078,195.4760867677277
1786,38.13805167026011,183.72386251233127
2690,59.21138239972353,193.6994906177173
3270,34.43504473512968,197.97310885698985
4049,84.17124899354404,182.0642360754921
3292,21.29160112779902,195.30426061251592
2235,47.93197547568556,188.34127367204465
3568,55.480247422023055,188.94030706064152
4329,45.590416653608344,186.54459199780757
