,R,v,kind
419,2.1490369000383227,65.05395892116103,mem
542,2.6445997068932705,50.91132196807958,mem
2239,2.6955914082838546,60.203352814005186,mem
2254,3.452718061336017,44.93903634240478,mem
1969,3.5680336745712857,54.33439697845859,mem
482,3.649571462075639,65.27464328017118,mem
588,4.0498465294933865,26.34867774088832,mem
160,4.230460148724311,61.596524322217576,mem
2213,4.616737533811118,26.59944970614825,mem
515,5.0566503920856265,38.955505190165354,mem
816,5.114047434015324,35.7013590507048,mem
2055,5.678975947355068,48.47510476080486,mem
1297,6.686429433860284,35.036280472375864,mem
702,7.093997192579312,38.18108399798413,mem
1360,7.159985078801537,40.41627556158525,mem
3064,7.894246401253508,0.4750723691126382,fg
4824,8.035753969965526,69.24400478759665,fg
676,8.13679595141684,57.93180095691348,mem
2281,8.224428177622668,35.17814959674311,mem
2021,8.426704814049353,47.57274456946893,mem
614,8.840253057009818,63.312648165167104,mem
1341,8.892488979187537,55.10769701666173,mem
757,9.016330983690203,39.581989425291006,mem
495,9.123136683764315,42.390216307248934,mem
733,9.378531128825832,59.05370532425885,mem
3165,10.180912147523367,3.631423551819836,fg
391,10.243474351594172,62.732775663068416,mem
817,10.33105756447185,35.92458001320722,mem
823,10.524551757367329,27.71484432166248,mem
1579,10.620194680640699,50.51679262107884,mem
370,11.119576997421783,53.462928678147144,mem
1104,11.22567990575885,63.48233179696381,mem
884,11.280739012892836,78.25709695671657,mem
4860,11.370872343520821,58.37372411298125,fg
2063,11.439145862616213,58.4381226384869,mem
244,11.706278429260134,49.223462688192605,mem
2363,12.068916422150098,67.92164410631354,mem
4760,12.262447060909436,31.514076805408425,fg
4321,12.33235145220729,1.6060676189666483,fg
1455,12.566278875762107,50.4093732709889,mem
4292,13.110607181991384,57.505262076952846,fg
401,13.188403834201285,60.44742581838279,mem
1979,13.565232212405661,67.1218251796887,mem
470,13.804110454775126,32.983447256356605,mem
3698,13.872808331791788,40.32376786656551,fg
518,13.953892205994599,37.28329477351629,mem
1374,13.980930125306287,54.526937624455925,mem
1010,14.482815398298314,48.76158860698435,mem
1441,14.498127916831148,41.80410068486201,mem
1908,14.50624318131488,52.51833432738805,mem
1640,14.615743749312012,60.10027055823312,mem
1105,14.680568433082412,63.620635373961726,mem
924,14.682934380305849,49.58132426071392,mem
872,14.700834998171695,49.50845938258061,mem
736,14.80284001648479,42.891309695396345,mem
162,14.807022265790756,46.37483155863836,mem
1076,15.037967120191386,49.04998526096751,mem
386,15.061334059804828,36.16195549427653,mem
4309,15.077593927202154,85.28533905869784,fg
301,15.19779917036165,50.269612799057,mem
2294,15.257408302019346,53.731522279163116,mem
1119,15.269170796976494,50.526280763630005,mem
3312,15.284037152848914,81.54607511051924,fg
1834,15.32458534611378,44.35650862425757,mem
1665,15.558654510748074,58.75942101327669,mem
93,15.602569840510078,41.98169522423101,mem
1301,15.617404820647463,34.22945976486159,mem
3387,15.73990796530373,41.408559600412296,fg
1907,15.796879153541255,62.31654596776607,mem
1386,16.049915894384867,46.704644533669736,mem
3054,16.403528298639767,78.95548446324136,fg
1756,16.412776903972944,64.72443371581606,mem
1342,16.681933466305072,60.46679852659653,mem
4040,16.787625183688938,53.73763175272583,fg
2429,16.861501678345892,55.20689986208601,mem
2356,16.8727364950519,56.88065963118875,mem
908,16.89157282056678,40.60107498436639,mem
1570,16.909335871577486,51.42422437107481,mem
1483,17.129357681311824,46.007140945080145,mem
4994,17.210909853260368,63.85533984762733,fg
2962,17.30041872514399,91.0565381852234,fg
971,17.444332868806246,53.77438382192639,mem
1113,17.711914302500478,57.322173552287744,mem
891,17.965975871275184,59.262366029535436,mem
1440,18.086523712288507,33.53915969112741,mem
797,18.14019394886497,45.519522645250476,mem
605,18.225277787045513,62.296675052840826,mem
1571,18.48902094454368,60.83857849921315,mem
1905,18.497937985805407,65.85311326452286,mem
479,18.518673935605594,36.28454842578394,mem
2244,18.541111800744734,41.319182174796026,mem
2141,18.80470781670032,34.549906743803156,mem
862,18.807645826997664,46.048356129533005,mem
1931,18.871831042564928,37.38372573409066,mem
1460,19.103279999176518,44.16028379851974,mem
2908,19.153957246053725,68.43699792592547,fg
2196,19.219224630757523,49.85504109003175,mem
555,19.339657153656407,35.45079760214409,mem
1107,19.432176403772935,50.01700387989438,mem
4787,19.496680569454295,92.84717249471413,fg
2426,19.647884073311538,47.608735875370634,mem
1800,19.866016969389392,69.87310116366928,mem
1404,19.8716117522316,36.95051693692105,mem
1968,19.893956661268057,44.179959593056935,mem
1656,20.721519912761764,74.11622210514159,mem
383,20.85400910431964,38.951682088810685,mem
212,20.861424680094625,54.15499459188164,mem
3786,20.911157794573683,48.12831198512382,fg
3598,21.03030391109905,65.07470452817013,fg
1724,21.034823130740808,47.6087314429358,mem
713,21.290768315797454,46.55862477900697,mem
2127,21.362044864699463,46.371478528824866,mem
1535,21.409495227326122,48.48041535537745,mem
585,21.552350159344766,69.30901924262061,mem
3921,21.585874088751712,17.131389928747467,fg
2125,21.612504911113014,39.50557783940905,mem
478,21.71903982200224,44.08259361243228,mem
1392,21.790150029961033,29.267387715049573,mem
802,21.8304607917338,27.913865753275193,mem
4315,21.838731780902847,8.953792384763915,fg
1312,21.853827984161352,36.04707566393125,mem
1160,22.02921898744225,51.72291367902446,mem
1334,22.04160069455929,58.36433969129072,mem
421,22.061576800035297,46.77771899860832,mem
4216,22.07304732825891,93.63849854980214,fg
1069,22.10508310672833,48.679967998872996,mem
1357,22.13343755219572,59.987022312997425,mem
967,22.17935943108111,46.64278431287384,mem
1213,22.21229290866928,43.882471259842816,mem
1848,22.22157488248752,57.96610802502281,mem
1963,22.23194873666378,68.45372551518678,mem
716,22.291618870400534,40.86071034483685,mem
4266,22.48656023704645,31.82872000273631,fg
644,22.515854616913057,57.662964547466096,mem
538,22.626805952375737,53.2680468451704,mem
1728,22.676996433740182,27.49043649168869,mem
2315,22.850720000614892,51.803586410025396,mem
1536,22.92502546393318,75.33589975734505,mem
1244,23.24220455238872,43.15318915686422,mem
1380,23.273953075814767,38.4769518046781,mem
4427,23.27673115663548,17.040654226685888,fg
4547,23.29074053808829,4.804365474280702,fg
1494,23.29579933443716,40.063705607053215,mem
263,23.32308949376809,26.33191381718657,mem
461,23.35151461508457,49.228581282512884,mem
1757,23.353003572719718,59.85509557397349,mem
1020,23.376032455617572,54.22763614207822,mem
655,23.424379273272315,45.163607013717844,mem
1290,23.470765597266983,47.634740916748505,mem
216,23.495239370393485,57.8734623626289,mem
993,23.56812007429405,55.8466539258375,mem
3990,23.679443007251248,93.23880559721279,fg
380,23.74806131397032,56.706443904144535,mem
2913,23.768944817925572,99.1211757239101,fg
4786,23.86638598264595,7.289263204158715,fg
670,23.872053464954586,63.730669808657076,mem
762,24.00014870648221,63.10279717665805,mem
2496,24.081891929280143,39.6439333784286,mem
74,24.103691408576,51.28467136362021,mem
1985,24.27754644100241,50.64066740526674,mem
3459,24.29858267136289,35.135988251132204,fg
1841,24.31238183380982,45.86287662195365,mem
2025,24.434170108003634,67.78123953378133,mem
1859,24.49795437107712,51.309131383053945,mem
1864,24.52077924600427,65.91292878472423,mem
2448,24.52272848580381,67.62237591735821,mem
778,24.61025221614211,36.45179419777006,mem
2167,24.63119280736937,40.03282835945549,mem
2126,24.680349949745626,51.397966144459794,mem
2162,24.71273662173148,73.79546731668633,mem
2183,24.73705200260941,59.136611829230965,mem
1490,24.76624190155673,67.14584823603364,mem
1131,24.80056250622691,53.578453474873115,mem
1785,24.832799397169172,28.753935905279523,mem
2416,24.875515403353155,57.822049577288354,mem
2472,24.87967820857932,82.99487109769156,mem
1666,24.96540922272853,42.58662379740928,mem
3351,25.055555558040627,58.41734714082872,fg
948,25.15049747319862,46.7715295785777,mem
365,25.185410588002487,41.794432800722646,mem
1988,25.22143569643709,49.98783988548312,mem
28,25.240551766714173,44.755167016886624,mem
1721,25.25313759638565,63.05239010531227,mem
2274,25.44543106376717,48.22031358685047,mem
23,25.472941335003448,43.94424488217339,mem
3811,25.613445115090475,33.307840255332195,fg
765,25.66130720329232,64.90776218337696,mem
1766,25.875894740317932,47.79948384573522,mem
198,25.900490765081162,57.07215383519929,mem
125,25.903788345320148,47.575560833806975,mem
148,25.95696153454833,37.41867293029631,mem
63,26.01589893096889,48.288248249940864,mem
2302,26.06326261839509,48.1966649344685,mem
2089,26.150023302290712,55.5627836847044,mem
959,26.25888586042115,40.491925340368454,mem
1471,26.2813812924659,45.565136536402505,mem
740,26.35823328978505,38.743493443515625,mem
998,26.436070004678275,48.26273225893794,mem
1509,26.520304839252372,49.925960529228185,mem
3034,26.520959918579067,83.37056071486377,fg
1607,26.608912712446894,37.76307692073005,mem
2497,26.637814851212514,56.23558419369601,mem
3370,26.64692150474835,32.92723439356499,fg
1723,26.65142290096796,55.447733407698976,mem
760,26.67082618785023,54.7080294702381,mem
1174,26.750919580459534,36.6145445051628,mem
1103,26.807305255197377,45.17003031377196,mem
930,26.915477661896826,39.33087825857857,mem
1260,27.08523488955522,59.97536597239501,mem
940,27.112746162698752,81.48768816041753,mem
3508,27.16858052807363,56.10441110453596,fg
672,27.25638796063793,68.0869318419662,mem
677,27.30927921453425,48.094597925234225,mem
1353,27.3266424088366,51.559889645753614,mem
2495,27.328729351520554,64.115335245737,mem
2345,27.34365233020845,52.50076879683565,mem
69,27.41316426700039,31.598579552809557,mem
1660,27.60208589620025,31.06585660528682,mem
1197,27.60929205568005,63.36095073649226,mem
262,27.61172003599895,35.23453923470558,mem
142,27.65431542722275,51.61235919891391,mem
3873,27.715003766796755,48.26984237079566,fg
2339,27.77389042724393,42.596518630354296,mem
1407,27.779059071242017,33.884590034964305,mem
1024,27.79989279988496,56.175029251917294,mem
1885,27.94963216742621,50.52794295350906,mem
313,27.960677290740858,25.52936487380792,mem
822,27.98272908026775,41.40647727823498,mem
354,28.002667734925605,61.95939794159372,mem
1041,28.0526369792038,46.0339655182386,mem
805,28.10134610446909,61.12110751194971,mem
1797,28.11652591004607,69.13309775792203,mem
2806,28.172969878024546,16.659222896587124,fg
2203,28.239126937969214,58.89041605796781,mem
416,28.245618040507374,27.91685065677116,mem
534,28.2886733336836,61.8304080514425,mem
240,28.29237005522664,33.65612894636796,mem
455,28.349205007663606,53.49774812212616,mem
1337,28.523823001316266,67.65314658755418,mem
333,28.58594795857393,54.19980849802562,mem
292,28.6440149266056,29.79069182081049,mem
566,28.664437581223016,64.71092316369277,mem
2318,28.731672514097127,56.04269919708489,mem
418,28.77437645009509,54.512123638014295,mem
3065,29.06159077059905,94.38141527059976,fg
159,29.12682798494064,60.55250463441242,mem
1382,29.161250482577664,67.54788889993529,mem
1581,29.20093370798907,76.85039824268209,mem
2111,29.227307249590673,57.153126769210346,mem
1188,29.313399600572108,69.7731997767784,mem
1690,29.35583277781415,66.46237752591833,mem
880,29.366537634562746,52.49921688178364,mem
1394,29.39855910224212,40.95275854722632,mem
56,29.472015058685642,60.87050039132582,mem
1860,29.516649553995205,27.249545593731888,mem
3866,29.64077326397129,1.9370418863280747,fg
551,29.6454132543676,46.91158186506018,mem
942,29.79489101041284,64.82988983792409,mem
1709,29.930177920532866,76.89148929364086,mem
1524,29.946632715887084,57.776165703869154,mem
3396,30.012385626224642,44.28312010971359,fg
1527,30.083639152698158,43.52533422680118,mem
1639,30.117779335282478,45.16137232843027,mem
342,30.152693416482485,62.53637653344867,mem
1594,30.187146415668177,48.26905874576286,mem
715,30.18745689385461,35.93666120128117,mem
3546,30.2176222951219,75.45208477817384,fg
3287,30.22544789292252,63.134602057878645,fg
1925,30.347507098308444,23.055641403596226,mem
1264,30.52639631928617,46.94752031250165,mem
1115,30.54992248919607,39.231282664958336,mem
755,30.69057252152245,28.939951423278732,mem
1998,30.697553136255582,45.380539733052174,mem
2209,30.74998586283537,30.173929270686827,mem
1448,30.78912529235408,67.42807331189101,mem
2498,31.007542831537165,36.015011676622194,mem
2243,31.140872088349308,56.76947020883476,mem
941,31.344354952726363,62.27575400711268,mem
2885,31.593685509370772,16.239627698821067,fg
1401,31.638708109546,30.44512571866962,mem
2114,31.808330499038092,49.509086838550594,mem
282,31.98196964089642,52.97303728298786,mem
523,32.09037594043461,36.21588619831023,mem
1941,32.12197245893864,76.67393517728827,mem
2359,32.204753305502855,61.54166963669746,mem
2235,32.215965514583225,46.604239386973255,mem
1906,32.31665207355885,48.795067805840816,mem
2272,32.55655238171803,70.97724320206699,mem
175,32.62529040254587,45.233067367542716,mem
1748,32.77195905253719,63.05649567762153,mem
873,32.83760330619726,55.329401675159005,mem
2404,32.864530953296025,44.06173694682087,mem
4627,32.87917913808365,61.2043547324369,fg
2175,32.96292362797965,49.488666301210955,mem
2133,32.98113276686964,63.20721628578088,mem
1854,33.00623317765805,64.21209706646871,mem
1736,33.01770629402279,38.76553309923505,mem
966,33.046079977032825,33.74458897601652,mem
1176,33.239802429823,58.37657556159437,mem
1680,33.28265639822786,37.140140675255815,mem
4632,33.47284299610384,30.39770897201493,fg
1085,33.51610240563981,53.926031673196746,mem
3514,33.564285295611,21.738461552986962,fg
157,33.708536801382024,39.83237527553275,mem
768,33.71585449109839,43.73781788531378,mem
1302,33.75582010265336,58.80231317358336,mem
1707,33.79306729453174,52.09791645561042,mem
203,33.85533387783559,55.8113120349665,mem
2358,33.86909885515985,49.7189333704511,mem
2310,34.050185562675765,47.10748786044356,mem
1259,34.056269940608104,55.68137388858627,mem
1444,34.068830909373986,53.204969270672684,mem
1835,34.07632451530191,57.25033845035496,mem
474,34.178270574357384,73.70769244358374,mem
3878,34.36212305615105,72.94617090045583,fg
1516,34.37557012148012,51.290079040793216,mem
1725,34.430541873731364,25.13635996622269,mem
3032,34.43964332745818,75.19814500510462,fg
4256,34.46668673837569,98.26400620480888,fg
2478,34.466845118708264,54.17100679985083,mem
532,34.48357440705844,65.96441670997254,mem
2480,34.51117233795439,57.01767807955785,mem
1755,34.518038744722425,59.6630171800345,mem
1863,34.69129194048684,48.095521454157144,mem
2351,34.82579091377265,32.32198261635657,mem
3606,34.851771042170526,62.80186125828378,fg
3433,34.902583687676675,0.3812927800215107,fg
782,34.96937279358021,40.30727164271588,mem
1952,34.986882447252235,38.84887406551714,mem
59,35.12870791070696,60.11898332909261,mem
830,35.470721233823674,67.72511206090256,mem
127,35.53337020123421,49.29160752096664,mem
2009,35.604480024539534,45.88171842299796,mem
95,35.680046162477275,35.34902474859354,mem
2389,35.73677821107829,50.86345925080275,mem
745,35.7702653935115,44.62627887982135,mem
34,35.77059036951373,81.05213087239791,mem
1371,35.77255516608624,64.03077101284069,mem
236,35.77897346941163,63.10137929774614,mem
2839,35.86449235232418,60.30873323229318,fg
1047,35.874051656459216,39.02295979546147,mem
848,36.02420556760405,60.24089459548886,mem
115,36.036991685229076,52.19799299260453,mem
2060,36.053023730729386,53.159441149686224,mem
574,36.1176797376608,53.44524344599935,mem
976,36.158110188463056,43.5247373126818,mem
2431,36.175958300076594,50.57903381659753,mem
1000,36.18299654425404,10.71575735779819,mem
4722,36.24665476382443,42.32769730558502,fg
2859,36.25423921829329,14.056923539866087,fg
501,36.30960994858283,38.571748713927335,mem
331,36.31588312339401,58.169279915150966,mem
851,36.32028675779802,52.71994712760596,mem
2462,36.39127931893085,49.64604251645688,mem
394,36.39887526076292,57.681693464982516,mem
1271,36.425594318628995,40.09619666312434,mem
623,36.443249581208896,49.43724892143618,mem
2182,36.502995893983524,49.78509399893996,mem
2118,36.52244285423461,74.94964980790614,mem
695,36.57812991094658,52.4025065529175,mem
664,36.79250605925047,37.047755037937954,mem
2423,36.83755282094762,56.98655130964386,mem
2449,36.89133303284747,64.6693389233626,mem
137,36.952751918234796,60.45736585133554,mem
4695,37.0640765047467,25.206790715390127,fg
587,37.084268053769534,43.223722484708034,mem
774,37.273471690028686,32.051898405548,mem
1763,37.280001854332994,53.55780861590866,mem
3842,37.28559902949903,66.51831387123167,fg
1943,37.334492664116475,72.39694647112034,mem
1389,37.52383623109708,53.48665602297503,mem
2161,37.57809938238968,62.32285373278043,mem
1990,37.63010013171438,80.04328401960369,mem
2226,37.668398741750046,13.995603692809286,mem
1035,37.67313006938961,34.07321303613505,mem
973,37.75367865947979,50.09563979213857,mem
2967,37.76719294447604,18.733341661812602,fg
1759,37.767493606678535,58.77934698449212,mem
1157,37.86800209689019,49.866945673058794,mem
565,37.881615548828506,53.64262377373103,mem
1788,37.95767982152111,39.639565644038974,mem
526,38.053305569623376,10.47239029186668,mem
1356,38.11146066457263,53.54584652696534,mem
77,38.13126096650732,48.01103275013307,mem
3550,38.214318519006014,89.9819194419747,fg
1417,38.24372016197035,37.181079262730826,mem
68,38.323736957749794,56.230083912019644,mem
1515,38.537216650992434,66.80499270769401,mem
1358,38.53842921731096,54.24208384432255,mem
881,38.5826974264824,29.413823147254767,mem
4007,38.67204639254353,77.79466727475392,fg
2673,38.70428966016729,49.92895751911638,fg
3256,38.75649490634965,3.5897613038970357,fg
1086,38.87587403440357,37.30901064295345,mem
1091,38.91407304291771,38.121234689126474,mem
1987,38.958822222766926,44.306290446932145,mem
2608,39.02714373942703,78.39566415546622,fg
1746,39.051362270813605,32.36999926180455,mem
1419,39.09708854611112,63.71011184465865,mem
248,39.12840165988144,48.23326708386772,mem
2536,39.15460475858667,79.70851947383153,fg
1332,39.21875126615826,54.932010074934766,mem
3790,39.23126738551356,84.42970046277136,fg
1208,39.32503768486403,52.16164496543593,mem
1288,39.656922614370615,32.84698838255868,mem
1506,39.65974845653549,44.21870769538743,mem
1631,39.68139427835045,44.40649936382664,mem
463,39.68598716967869,51.6329374683592,mem
1242,39.70272216908896,59.558348391198386,mem
1319,39.75206291435792,56.532442169538406,mem
61,39.79016707798788,60.469257276069314,mem
459,39.79587378799983,44.64664116532075,mem
3386,39.88667630649788,17.586816511174472,fg
1484,39.980873484488505,79.58540610361077,mem
3768,40.09311857165387,67.81504014919271,fg
859,40.2405369526715,26.46937936537345,mem
2993,40.39107941705354,65.84079151309356,fg
1193,40.39161151538705,51.44619742931864,mem
1233,40.487101274545886,39.57971973963525,mem
1083,40.67480577889671,30.065059754758376,mem
1355,40.716897749052826,41.894916450502976,mem
853,40.79583081516768,35.27166685160654,mem
654,40.88233964628589,75.43541098100576,mem
2270,40.89037572526258,59.58081320613704,mem
1994,41.201599684510754,56.56437902522565,mem
4071,41.33669722375981,86.0744699554516,fg
1772,41.400050132349776,34.10367063764062,mem
2476,41.436079822408935,32.809642260181434,mem
1317,41.45192257009392,35.50289450498687,mem
663,41.517283008229775,36.673936217541055,mem
627,41.58488843301142,63.69434696573529,mem
546,41.85371206571384,43.830736359926355,mem
2433,41.858498594132975,57.67201442830918,mem
1187,41.92078590728792,45.35179763861246,mem
4920,41.926984078335494,57.33534026294777,fg
2330,42.06142643023989,48.00174727015211,mem
599,42.10954957990619,21.283485832268,mem
1944,42.13850560737124,47.682684015401364,mem
1477,42.28889834588034,43.44576266210645,mem
2238,42.37696654732545,62.53036634142408,mem
983,42.431807282110576,69.28643579830107,mem
2215,42.462885630796215,48.234383953928365,mem
21,42.59514139614058,43.32175159125378,mem
1617,42.67060324166104,45.64683477963018,mem
302,42.67491339776709,51.95348166392407,mem
475,42.711628022947075,80.39706342430193,mem
1368,42.71316705717953,47.50452753235256,mem
284,42.764711654438685,53.24115226829757,mem
1250,42.79013434217264,43.00524729459056,mem
1519,42.82476002017757,59.45372755086073,mem
1997,42.87044307692722,28.6855853774945,mem
1693,42.91512308121885,65.57626819680289,mem
847,43.05612496635104,59.18776006412735,mem
1209,43.12834880661208,63.43770990961654,mem
1949,43.270563301224335,38.22021849823695,mem
693,43.376437257738885,41.06691817238252,mem
183,43.41201529161814,78.18332142811154,mem
1344,43.501667175250645,37.92265786766614,mem
1112,43.51756947399875,57.76401116117113,mem
2193,43.59082344974163,47.27552787114209,mem
1252,43.70599141850282,35.267160590615724,mem
403,43.707149469351904,27.484381924797365,mem
1166,43.71013050914035,47.46599838591034,mem
3897,43.74563401110194,8.580246328228183,fg
2277,43.95423989583577,37.95950326969889,mem
2722,43.97205751107737,72.47342122512961,fg
312,44.02033397466313,36.80219580294737,mem
839,44.06638581794324,52.232122596938076,mem
4813,44.102467011091996,77.94001120258882,fg
4100,44.36857200966346,29.935913243040318,fg
2437,44.56755186283374,55.0663859377138,mem
472,44.57075722319174,45.777832261799155,mem
254,44.615258791736714,26.13274141236569,mem
235,44.61892739563936,41.774647405540094,mem
2186,44.62460756536395,51.58765034913822,mem
794,44.6300587513033,36.57244346524078,mem
4669,44.63066557915978,78.9960931225922,fg
2034,44.70837355301786,32.297405628965194,mem
645,44.727996115229644,50.81994106960082,mem
4662,44.76476114559393,98.16301767602474,fg
3645,44.8431766345831,10.702899843259443,fg
163,44.921403587205724,47.906057349878395,mem
1919,44.97862582519805,42.47427838205231,mem
4388,45.05928395804822,13.483348287873554,fg
2248,45.336677886198046,44.41400620138706,mem
1503,45.38556075292428,59.345036054888496,mem
1021,45.4164898243283,47.408568838900315,mem
2095,45.589178751427404,50.988562425099,mem
1016,45.602699056664754,51.41838063688712,mem
4178,45.643369029833295,98.7070415856807,fg
396,45.64727311314292,42.38268709959557,mem
583,45.65227985883895,49.30746303615592,mem
653,45.750029935672465,63.594862398024254,mem
2874,45.80456530662468,44.51350449575565,fg
742,45.87716602705893,20.41150227296452,mem
1692,45.95680027392778,46.09460553962114,mem
3801,45.99806352654438,70.83337457038796,fg
1253,46.0455056439166,47.35638754631911,mem
611,46.11344205784383,59.786767772296685,mem
1892,46.13864549940958,38.33623957893515,mem
185,46.170097805211064,41.25079590058724,mem
1732,46.22745922009866,38.21506409144297,mem
1438,46.23879037852684,47.69640539947095,mem
1578,46.26192066019382,77.18115173315715,mem
1162,46.28449372935032,47.84600583235621,mem
3,46.363894583053614,51.95490653625984,mem
2051,46.42501928321409,58.2190348062252,mem
1962,46.44011281433753,24.11605586531001,mem
471,46.453729377207075,40.35305562096287,mem
4954,46.45412022045064,45.39502649763151,fg
2436,46.58724190325729,46.66601301980659,mem
1228,46.62914130657904,15.368670439470314,mem
1738,46.69299592155923,46.24147949962558,mem
4633,46.76333744008682,43.70982000934888,fg
1338,46.78099727450726,37.34019282412093,mem
2266,46.864368753516466,67.46232140087075,mem
3909,47.032562089831025,88.66588277634175,fg
3711,47.18107345201511,44.866669233284966,fg
1891,47.21281349909354,66.15163748601789,mem
1546,47.2579691101685,46.85514235945664,mem
4227,47.27321787510279,60.22905505038497,fg
1247,47.292665547484255,60.45784967375593,mem
2036,47.295265122494364,54.95098804700841,mem
1820,47.30094137911637,61.480872141649954,mem
315,47.42636254678772,67.2948146186839,mem
932,47.471890483756,67.72392276049936,mem
2258,47.52777503932194,61.513794775834704,mem
828,47.59256155061603,69.81366477412371,mem
543,47.644940103923425,70.2494574228815,mem
1508,47.654988602546645,74.91474314651957,mem
1449,47.72431579053582,55.333919551412585,mem
87,47.821755202953504,58.52089110444946,mem
4091,47.84821133675396,21.06830363428964,fg
1929,47.8612930095761,17.692601920736067,mem
2061,47.8831647388537,39.121409264103605,mem
2357,47.91463276241373,54.16324194789575,mem
2801,47.934397515943864,27.88814241465013,fg
1096,48.19065103542835,50.82735757668827,mem
1928,48.2320370758939,55.378430831773464,mem
388,48.24863676732596,35.78395221955236,mem
2104,48.29462225209519,31.568493404907674,mem
1652,48.514515504201,36.49506599918101,mem
278,48.520844890481605,71.91549721454939,mem
2697,48.52667940260282,91.65140766161457,fg
622,48.601639896321394,51.25961815278887,mem
1672,48.647846809615146,38.531054836981184,mem
1918,48.724588881782964,27.88708152414625,mem
1343,48.87791065853016,71.77780978920866,mem
431,49.005976557060364,45.89940442931963,mem
481,49.007840672599286,44.62811736072532,mem
578,49.10775030494402,56.690119296076496,mem
362,49.131626086054474,55.63610427565006,mem
2176,49.27767529514785,62.25783386994743,mem
238,49.30860922394991,61.774235891023395,mem
3313,49.3714962774021,99.93341655749079,fg
2451,49.413497109714186,61.40680291040826,mem
1287,49.514988331757756,67.89443644967619,mem
438,49.52230933167329,67.54370149898746,mem
2158,49.55138846333072,69.39549694583526,mem
2483,49.60897468912241,48.38709962113947,mem
121,49.61693349379087,47.50947204286459,mem
261,49.63920857755206,58.30887883373896,mem
865,49.645989965427894,38.5455885979305,mem
2031,49.65181972156432,55.932569432173516,mem
522,49.68145717695866,40.91967256238628,mem
1410,49.74092721730239,21.38561912033265,mem
1871,49.748157400111026,55.85163059607621,mem
982,49.76379903896059,25.678539555089067,mem
1100,49.85616287497077,38.26407940407104,mem
4985,49.875386955302716,55.61586028957137,fg
2398,49.878761420050104,56.302271483149745,mem
1620,49.97562255901817,53.19899980453511,mem
3335,50.131408719174004,27.930542543974923,fg
237,50.236454990055066,68.61392780175842,mem
432,50.25049602379834,48.37320817535559,mem
2075,50.28669367368265,65.08737473708868,mem
30,50.32052257263907,57.455013027591065,mem
1653,50.33697012086704,43.11882947637863,mem
1890,50.345562192296065,45.979443524177285,mem
2822,50.46688373845934,91.11820670065669,fg
1042,50.788609877424925,44.59641605881826,mem
1285,50.84646297397624,62.19302480294868,mem
4206,51.07202610854552,67.93021178787652,fg
4585,51.0972390345626,19.66715510250921,fg
2207,51.26202268615484,52.246285528725366,mem
372,51.297377286139444,64.96829700358333,mem
870,51.412399562498635,48.41059731585434,mem
1637,51.701736701723874,45.31638186860083,mem
2344,51.78979825941266,49.289259041034526,mem
232,51.832388495535234,54.14427427260517,mem
71,51.8337305863957,33.83150433418869,mem
246,51.84360805970898,60.457819633028116,mem
894,51.84853603167878,59.75935084194264,mem
988,51.92505837076829,99.43277302314631,mem
1335,52.05816935005048,40.59661922002706,mem
296,52.33682772196019,25.999474954697728,mem
206,52.401392379619644,30.48359663628465,mem
2328,52.4843419963354,49.55383705052497,mem
1330,52.54436699226316,42.18330444877242,mem
1733,52.56165292119657,78.4416314494527,mem
4363,52.59162361051642,59.64274451899056,fg
2596,52.6579864762011,56.28290447073464,fg
747,52.66508897833704,60.99874236867626,mem
850,52.670727487354156,61.095050766890715,mem
777,52.698124473597794,60.548134640831684,mem
502,52.91091933310226,41.62543523651083,mem
1702,52.91603657512218,19.07940256145395,mem
3997,53.049600615379035,42.68194617295296,fg
1308,53.07851123158419,61.9313672132036,mem
1975,53.099637878874816,42.403324546386116,mem
1346,53.182532769683114,44.680504238067634,mem
3300,53.277428131926115,63.06370228402031,fg
1201,53.2920125012469,39.45771976574706,mem
402,53.33095535502082,42.2590106699436,mem
1804,53.34106403083115,50.744931437336426,mem
3590,53.36310853142921,92.2726715931328,fg
4369,53.406448145377595,17.945984586586977,fg
1322,53.415127239439535,37.03987738767977,mem
3655,53.472799194976815,17.45099300521204,fg
4621,53.49125196497984,92.51797385317673,fg
4922,53.541972821513355,10.494281173863897,fg
3577,53.55460372086281,15.786042017914527,fg
2340,53.62396022894228,58.67165673855315,mem
1978,53.720542084073976,55.46803108652495,mem
849,53.734923408696716,62.223334080653714,mem
1813,53.813444020655616,41.846068264792855,mem
2699,53.821379798961146,16.10760229266353,fg
4619,53.91056642766839,77.29428131571666,fg
1934,53.93618794668989,50.50282885117939,mem
1520,53.98464726732018,87.12731193812002,mem
381,54.007242972279975,59.69600671400283,mem
3102,54.12682824249392,92.78910168010144,fg
1722,54.14196763249665,39.33965990512112,mem
2165,54.18389749345076,63.82093322547218,mem
384,54.2347469231546,40.443165564457324,mem
3951,54.30381283087329,69.50401505415685,fg
3933,54.667663066454466,46.37980601600378,fg
2073,54.71816590985723,35.18193031659035,mem
1590,54.83690567215833,36.463356937111094,mem
2492,54.84277952629144,68.60519203245688,mem
1406,54.93050451872672,37.96277797836679,mem
2007,54.975305779758045,65.54319643651029,mem
744,54.97824584874109,32.76190978684595,mem
4421,55.02669621571325,48.10920103284414,fg
1265,55.071012746630586,53.581727333718135,mem
1945,55.14644002509032,69.15508932700574,mem
4183,55.14922904025124,62.074284941653566,fg
1418,55.15839539318338,21.483386649084483,mem
4234,55.17130049665273,0.7764005776971317,fg
678,55.19770327858202,28.59995394261182,mem
1018,55.392686467784394,53.400214090353344,mem
120,55.42129392902665,60.62641692272895,mem
1810,55.50270809433914,44.69371779451056,mem
36,55.52246466860136,73.88030540514586,mem
444,55.55617676060671,63.46631119128541,mem
539,55.59195020381713,54.44908582854539,mem
2798,55.66731753716133,42.24991087231001,fg
319,55.720967611576214,23.667994079035648,mem
957,55.80752604176279,54.179925183484066,mem
540,56.24108561619622,55.00266289009714,mem
563,56.2568925283956,60.011361271699975,mem
2300,56.266140967697574,65.13784002081239,mem
1011,56.28363208397375,47.25038826439644,mem
604,56.292799079381425,64.90365242845937,mem
132,56.29937838684865,53.56604288040445,mem
2397,56.328990231488845,49.20650422862768,mem
1189,56.41994634355507,34.95249643330005,mem
925,56.71038214797718,51.54910072213767,mem
4769,56.82576700474572,76.70995636983885,fg
2002,56.83975206628193,60.77546974518805,mem
1443,56.85015698420871,80.20580441353782,mem
2365,56.88734500765101,31.667106945307665,mem
371,56.894407262273255,44.302878905421885,mem
1177,57.058366540630026,74.92616909724184,mem
1381,57.116476242981435,65.92064459877719,mem
2128,57.11762174105674,12.251408751559286,mem
792,57.18039596869671,40.24244501447475,mem
1784,57.19913279946785,47.59181497654066,mem
1595,57.2094810405818,37.5182504049761,mem
436,57.31561662246862,18.11931834739045,mem
999,57.33213709388949,46.35468858522617,mem
1182,57.366371588392326,47.06621954276346,mem
3173,57.368097616561286,38.54718862912023,fg
1614,57.429415263893105,45.00110737502981,mem
4470,57.512556036663,41.559432248194014,fg
1480,57.53870839382569,46.91362127300098,mem
3625,57.569399495785504,53.50898855450683,fg
1689,57.60957043688664,42.923674050054544,mem
4404,57.62351350940271,70.76704372686592,fg
2252,57.72252481487392,42.27924791741268,mem
3787,58.28368533512743,19.091456434424344,fg
1568,58.2927719052761,64.05712950038391,mem
3850,58.46202522289958,37.18133390959228,fg
4463,58.47734634776468,82.30480830609717,fg
4126,58.4914305938457,16.68793243647613,fg
2649,58.65267574623884,20.997910998831124,fg
867,58.93061526911556,48.467007486170395,mem
2965,58.93824152297332,75.07479092213755,fg
997,58.95021459098258,45.18484391550683,mem
1093,58.99098942111797,28.29494191650896,mem
2430,59.01158722135334,59.1008409447356,mem
807,59.08734406501709,63.722521094775715,mem
66,59.11831481784096,66.79640654117881,mem
3889,59.12916226523552,71.96876583726217,fg
636,59.22786455642474,38.87014155842071,mem
1865,59.23433911046364,46.460785436047665,mem
1359,59.26586245730808,36.31869284169479,mem
2458,59.36979580289035,40.40867001932883,mem
1466,59.62247007550985,62.53939590562135,mem
610,59.649918663510725,50.71946017843335,mem
4324,59.6934517741066,86.87733672747976,fg
1587,59.71063721033763,46.713665272995264,mem
89,59.78109822444596,32.96866456995114,mem
1922,59.786832992908295,52.745982413335895,mem
3362,59.865117063673026,42.211896806940594,fg
639,59.87633820425685,52.77451945216384,mem
2145,59.88004076652278,65.30862984287533,mem
446,59.93365447322647,51.59313014205657,mem
631,60.098062535238384,29.756291518708863,mem
914,60.09892647541246,36.77779221465316,mem
369,60.102384101772614,42.092463748341004,mem
3503,60.197941249610615,50.816293449210974,fg
1540,60.25099740942033,40.42494717749124,mem
1007,60.289123601380645,46.72433108599811,mem
2084,60.30681006690668,22.75161340649898,mem
3402,60.3466068235106,14.96288160677085,fg
2401,60.479592885331364,39.796107669849206,mem
694,60.503990723540106,27.47424515504116,mem
3638,60.72345778755393,45.9456167613189,fg
857,60.77218129587205,68.94364220085525,mem
786,60.85880589269892,43.65520260200823,mem
1687,60.95344715632511,59.14999335265696,mem
86,60.982679705625294,53.1576375373499,mem
4637,61.017809303212225,83.04858643418656,fg
584,61.15079694962758,26.28953287549849,mem
1900,61.17985590717189,56.395020327135455,mem
1184,61.24910425168808,56.61172121341318,mem
4294,61.26662809552815,88.23738317042185,fg
3615,61.41609076836112,5.218896716015394,fg
2424,61.43265139249012,45.11462202746894,mem
1913,61.4911159606729,25.876580316883665,mem
1475,61.50495152786007,59.12886163150027,mem
323,61.53013005074957,46.71858922838523,mem
2385,61.54627029816824,59.57793531420501,mem
951,61.56863256468206,40.44690777640797,mem
1123,61.57068830376397,34.34812365836777,mem
1393,61.68530210216548,37.1282908565096,mem
1390,61.704665568292064,31.909969773611746,mem
916,61.710817338673,63.60909935815546,mem
3147,61.800851410303295,47.016518671063004,fg
2184,61.882636956834745,50.9120571540932,mem
52,62.07676370909178,28.465367420672663,mem
2474,62.358152806971404,65.77608891504127,mem
3931,62.39103332137579,88.79014019537478,fg
192,62.424834284188854,22.423593866954032,mem
701,62.443187900640076,45.601975579217175,mem
1528,62.61179061877185,25.106337403944483,mem
2180,62.72683745518325,33.31629219594884,mem
1541,62.78457702825498,38.91757276949545,mem
1565,62.79988001785923,55.9902023586892,mem
4262,63.0109997412729,38.50027952683638,fg
781,63.01433661115064,58.89120817250724,mem
888,63.049019338392185,34.5574513418795,mem
2129,63.115882310918366,20.71097603932348,mem
3097,63.17390549110785,65.01780977584811,fg
1505,63.22678981651286,54.77314743386278,mem
1694,63.35745711687537,90.35479548420652,mem
1479,63.46518679090068,53.42145317034072,mem
2268,63.52104301580944,36.16204361127193,mem
2957,63.59656216273083,59.29245755533093,fg
3470,63.65652876935185,18.68230725421313,fg
452,63.87721938498296,32.31046398239059,mem
2888,63.87781913298925,67.34194784655568,fg
4398,63.89574805806093,54.59025032925038,fg
91,63.95239847326831,67.19297356332315,mem
1960,64.15628031352556,46.4904570751807,mem
488,64.1763245916608,58.9270101661464,mem
1293,64.19395760325614,59.58583000099199,mem
2572,64.20515887292011,56.158974649857775,fg
2224,64.29489119683281,28.83464788370688,mem
1964,64.42233707288219,74.00693003017766,mem
2093,64.45053968500478,30.89728503245384,mem
2391,64.56100713478348,38.49327705655172,mem
4379,64.59554703231079,37.689316605834364,fg
2490,64.66705132703791,48.14292953536372,mem
1432,64.71516744440973,39.95024102155828,mem
2255,64.71599177462497,60.529847969330596,mem
3187,64.84965891667305,88.36053934870493,fg
1468,65.00906423891935,41.97735491845766,mem
4198,65.03117986221697,87.41425885463705,fg
864,65.06305692776505,85.42134836880409,mem
2400,65.19588339984503,40.464372856826294,mem
2299,65.36256606922791,24.88076502413105,mem
3498,65.45694575443315,66.12973055525086,fg
4435,65.57105229713957,95.88864364907751,fg
1155,65.60144373836914,58.16688475843522,mem
1129,65.67804793197953,50.70841915774985,mem
1719,65.71547765171071,84.53249744778181,mem
2202,65.737655361877,33.48910657137564,mem
2325,65.7943679706103,66.91427329195675,mem
1646,65.81462611641446,30.573925846276463,mem
1647,65.86797446676482,61.845220623753605,mem
615,65.97327401159296,39.27390131408168,mem
4172,66.09622517113415,46.01770543384706,fg
3870,66.16301833100756,74.74580939743983,fg
3442,66.24510837242488,8.67871957670954,fg
2320,66.29961754999702,76.42812202253045,mem
1552,66.30057005299757,41.786445173443106,mem
1657,66.30873937876868,57.220713781495895,mem
2154,66.3692207380041,44.1026995279024,mem
3537,66.44671646931785,36.50889167390696,fg
1199,66.69810644908071,59.95881392587077,mem
214,66.76167160118594,58.06352880542235,mem
2395,66.76557138403352,45.67940711978901,mem
1136,66.79089202548319,59.92163124520067,mem
4552,66.80789667385163,67.94288799870694,fg
1704,66.88287313285501,80.73969784371481,mem
2466,66.90476531160547,57.2636406586821,mem
4719,66.92096128515576,72.91726246305356,fg
4694,66.97778704118664,79.63417399598393,fg
2769,67.08651195578689,99.41669584638441,fg
920,67.13665059265887,77.58888355242264,mem
642,67.20385182361706,34.62727577462986,mem
1792,67.20448357806067,66.8101350211754,mem
3161,67.2495256871784,51.566602787349346,fg
3524,67.45860046347252,67.79102075197298,fg
2815,67.5288740227142,47.23691740606415,fg
1807,67.70253226362956,64.09361365011307,mem
1514,67.73096483349185,66.3523948227334,mem
835,67.75523318795148,46.18131973662301,mem
1251,67.81741750849785,64.5951431213669,mem
2352,67.82243136967999,27.61715203898787,mem
257,67.84592449964616,18.19884972470962,mem
4163,67.94784848799064,75.9024896375272,fg
1577,67.9800265779336,75.7282034261308,mem
308,67.99219807065836,36.25691269169679,mem
593,68.01810478138883,54.6272884242024,mem
3726,68.17030506827732,95.04298557538138,fg
1560,68.24293579237506,40.20631465665209,mem
2553,68.57298295963164,90.51682834391642,fg
2116,68.58404180775567,52.6364879870854,mem
3073,68.59601973855415,39.86757929222213,fg
1058,68.61968333064108,41.27211179163504,mem
2479,68.6335917055721,57.593444752470646,mem
96,68.7259233024829,46.35637153891345,mem
717,68.86273323441897,43.68022985183227,mem
1711,68.93019830743198,30.75723484083188,mem
453,68.94411608818089,55.92970997834129,mem
165,69.16279766231854,54.48519241031518,mem
3091,69.7573615750581,80.54208767609587,fg
689,69.86341923457164,28.94422450247789,mem
3856,69.95244216369686,16.41113959069864,fg
1790,70.09967439986784,30.021569650166867,mem
4125,70.121479822503,45.62626115848076,fg
969,70.1381601708266,28.413562354086967,mem
3623,70.13869233248604,27.70723467607462,fg
2043,70.17957074657829,44.730892147467316,mem
2000,70.25841312668544,63.01147648241405,mem
37,70.31049048774678,76.2307552017828,mem
4374,70.31826071025047,91.01434464400465,fg
2032,70.31857152823214,48.986583236686656,mem
1708,70.35172209271795,23.78020453338689,mem
7,70.50646610097508,48.34747059813946,mem
2048,70.66357284447109,55.54825803413166,mem
1774,70.73677615418532,88.0634782539781,mem
4370,70.82082581176823,81.90484494928674,fg
626,70.88438530560283,59.78619890137658,mem
1348,71.03472270818513,71.91523305107583,mem
2090,71.09886785635626,16.988967488885528,mem
2396,71.17379560375161,60.56401595360053,mem
4817,71.18706177977101,38.72923385632319,fg
3746,71.33217088185529,60.66336899344077,fg
1706,71.33464207730988,66.45661411445171,mem
2333,71.51387425164454,40.99310525282957,mem
2168,71.51648660645337,42.7151391232521,mem
153,71.542625552604,35.724738414934784,mem
1004,71.6179624135452,65.49080999505803,mem
2138,71.6332571124651,59.19895362826961,mem
4461,71.97363972401433,52.281248485767115,fg
1139,72.02412599926555,23.40147870853177,mem
4713,72.30720138729542,22.585222965713573,fg
287,72.3486940967245,79.87563503706288,mem
480,72.36029971866022,28.663624570067267,mem
2041,72.49980922726876,73.41906143533487,mem
2414,72.59876690557175,62.54817710180958,mem
889,72.61280130874717,44.313162055438774,mem
154,72.61402086988491,62.99012975149262,mem
561,72.72423701210265,32.721284722176236,mem
1554,72.73220480126717,59.3277339239341,mem
1825,72.75980079759526,44.79833205408212,mem
2386,72.92609493397936,70.31212108885097,mem
4249,73.05491027634477,31.64771307341113,fg
3879,73.0960279655069,40.52587531934592,fg
1333,73.27595757740968,59.24756528445714,mem
708,73.30927738203016,45.9086909561122,mem
1057,73.31082583092306,56.261489592832746,mem
1828,73.35908849339403,39.500267526799774,mem
2113,73.40220993951753,59.54496624680027,mem
984,73.47939964899001,60.81615601225909,mem
43,73.51169046524001,71.534744511019,mem
3126,73.54719635458079,48.845172098896256,fg
1879,73.66821696979832,62.52623298809527,mem
809,73.7204688668619,36.53899500117481,mem
783,73.72438199571756,85.11547838869384,mem
469,73.83822420365797,32.79976749897349,mem
4974,73.84629949689736,8.086262710210747,fg
1261,73.97382543575381,48.13429868006959,mem
935,74.26243398596445,67.69497171185661,mem
3501,74.29701013138077,61.37854392130691,fg
4752,74.43807314782916,14.665808149337408,fg
4375,74.73129486425032,62.65869043968547,fg
1995,74.79662943569524,33.592244659323285,mem
3241,75.02091121938288,92.44719991397714,fg
4277,75.02174271987779,26.05629063241756,fg
2606,75.03928193651015,20.057632841483354,fg
3679,75.1195586956217,30.88835167232821,fg
3708,75.18546704576477,85.4667667035487,fg
2444,75.18899136559541,62.4284822378384,mem
2713,75.35226087362481,42.81438071943776,fg
4030,75.36088795805968,72.71726233113993,fg
1040,75.3810480921692,33.54313204781936,mem
1232,75.58332295335711,78.62194877383855,mem
83,75.6830727488549,46.58974499472746,mem
4583,75.79025063293581,96.89293950540792,fg
525,76.00718141080607,54.5776921922764,mem
4532,76.04730360859159,1.7055535353345306,fg
3058,76.18003404823303,64.70725665406582,fg
2543,76.2513118406367,10.072256486040203,fg
1059,76.4225968093494,84.95912073129367,mem
547,76.58951933830612,52.89236949776382,mem
1311,76.96108044239206,32.81661523962866,mem
1612,77.13054374868936,71.7594926707724,mem
2220,77.3395983929212,85.68596191853888,mem
2678,77.3613822778149,55.2154278074559,fg
1055,77.57819667642904,42.84614502412585,mem
2890,77.60341255694031,71.00249143860472,fg
3881,77.64973529429227,66.34530062458549,fg
1701,77.75145793106311,44.78961427018045,mem
3707,77.75721851209384,63.77717821555654,fg
2174,77.7984606765683,53.00038095278184,mem
67,78.12268814275886,67.69390156031545,mem
1676,78.16143135138866,39.936721470022064,mem
968,78.27401761949253,71.90774648987797,mem
4676,78.41908302520831,48.51915964643834,fg
1081,78.64158680761544,46.07657428006024,mem
2463,78.82846461759056,42.09872740842992,mem
2954,78.92311715334846,33.879221100575016,fg
188,79.01179700164542,56.31727707716018,mem
709,79.06723460808801,76.64227871446039,mem
1584,79.07227588540205,68.97906387532801,mem
2217,79.09095277377305,40.38871164886991,mem
53,79.09734038339052,52.827707753037004,mem
3263,79.76302631531057,90.52006061154744,fg
3148,79.83578960182841,92.65732617000408,fg
88,79.85137650100789,47.047074084278925,mem
3895,79.92414561993384,60.388961668835236,fg
4815,80.18671788228386,45.47361531999755,fg
249,80.2259795526727,62.680866775041075,mem
3721,80.25310863130223,86.28688305633092,fg
2443,80.32592988862413,63.19110850763728,mem
1405,80.55304648759419,24.71339723944272,mem
1033,80.6810270592024,53.50049683526402,mem
2372,80.69808565572544,35.98512246956345,mem
2245,80.7563653314551,29.48887252113597,mem
1902,80.80799741517534,46.82742040599845,mem
719,80.81400644214264,65.69596598047308,mem
1917,80.86870948765241,38.032842471484585,mem
3358,80.93980310636266,89.81188951554975,fg
3205,80.98773564290286,19.658837060695245,fg
1883,81.02225642049689,62.986905638517186,mem
1961,81.03026724184402,45.92465785498827,mem
486,81.03627443641423,33.062366520480786,mem
1741,81.07520206714885,63.4534253998816,mem
174,81.28682530504604,42.4988187861508,mem
2774,81.39082538149684,10.369994123336284,fg
177,81.40570514166099,70.14240569693087,mem
2171,81.42362076684059,66.46199887524651,mem
2866,81.51945870453744,75.95909930247844,fg
666,81.53054832414348,66.55399230342135,mem
2413,81.58272689662077,64.58868319630388,mem
2187,81.70996636748448,38.82505682313728,mem
1378,81.81230463945388,65.49702703567885,mem
1045,81.8592762647496,68.99821998898845,mem
4858,81.91438581155163,99.879566190632,fg
1273,81.94485765789936,36.219053127676375,mem
1537,82.0037946963932,14.560197813538124,mem
173,82.10491018107277,63.35627763053319,mem
1459,82.29825344650311,47.003453103562,mem
1456,82.47247754990717,37.05804371154625,mem
2329,82.56772974337093,86.70055139463301,mem
3999,82.79229457207882,60.35740750830853,fg
1730,82.7989222362941,79.86481707111781,mem
2720,82.80647544673981,99.62603759412953,fg
2568,82.88150427836977,34.079907201633894,fg
2813,83.13586091852295,21.693193328631963,fg
4487,83.2472832213526,74.99909380353719,fg
3352,83.38684816480527,78.20015126403071,fg
883,83.74963627565586,48.93524197946769,mem
1450,83.825908213576,25.95598357792305,mem
950,83.94610308583135,43.9182495227015,mem
868,84.07434433949544,66.99457022746444,mem
900,84.15768628234122,65.19529460331336,mem
3911,84.21632766627006,59.14628763668264,fg
4479,84.27524789975458,97.31302490249071,fg
4946,84.31730131997662,95.74609899932514,fg
3981,84.39906771678366,36.31939713975214,fg
72,84.39981015447363,56.284221955709285,mem
3327,84.40842056766412,92.02637942932205,fg
1654,84.40889328734066,53.3345323550389,mem
2554,84.43293943472948,33.881032446598624,fg
1619,84.49188579223194,62.73748723577627,mem
1683,84.54533151801922,61.41979039301432,mem
878,84.56591132291784,44.2669267142795,mem
944,84.66932272375999,70.55325481098552,mem
2891,85.24781828231458,2.164896461146867,fg
4215,85.32750734189294,43.83603757305364,fg
1497,85.40175694897509,76.34764744712513,mem
1884,85.47620775102922,60.62349508074392,mem
730,85.53547841388965,21.91856935809828,mem
328,85.9396263192614,61.18440843474981,mem
3614,85.94578895695395,36.7520653914558,fg
4911,85.95094041073679,99.41842694195458,fg
3487,86.05642252548506,12.545515268506165,fg
2136,86.24828959326462,36.28080398732112,mem
2681,86.30696481310753,91.79868506749635,fg
732,86.51128708162436,39.25635035701104,mem
3299,86.51194274934768,5.931419049311303,fg
707,86.53615174582075,69.88089525829679,mem
2303,86.56141024523941,56.33788513589169,mem
1094,86.65946279305882,59.4645914310731,mem
3851,86.70269085380815,56.799997398054074,fg
953,86.8181805516876,36.29609128223953,mem
3113,87.02553978907083,73.20446787465754,fg
1218,87.07019007563568,45.77885142124558,mem
4144,87.17050948564976,46.610824996392154,fg
1110,87.2219549196636,38.17469875678629,mem
1602,87.23054153765003,29.43785547032459,mem
772,87.2979520805624,56.8730749297239,mem
373,87.32148191723965,51.93363811529961,mem
3454,87.49439999516402,90.607896946536,fg
3901,87.50447796867748,30.466507758176302,fg
2033,87.57454542761567,42.43428607992493,mem
2918,87.59283321026909,0.020075714483567708,fg
1758,87.74474900215073,76.19849116523885,mem
2739,87.82944322196018,12.164115272240991,fg
886,88.00083233983084,59.715628776817475,mem
3010,88.16625555925405,42.17291788103415,fg
1534,88.200601583331,79.521347979658,mem
2057,88.24581250241133,39.532436723353904,mem
3371,88.65248376639433,97.7909417539553,fg
3826,88.70056194311249,97.3771850612417,fg
4428,88.76862544832753,21.41578356676439,fg
4517,89.2586080838801,65.36468737760188,fg
2156,89.35192433922262,21.641705442848448,mem
1609,89.40480512923054,44.55703796310432,mem
1074,89.42572856745309,36.696233449021506,mem
649,89.53124504183681,27.681886627056752,mem
4507,90.03684068835062,80.6538987081188,fg
3188,90.11869071511036,35.44336207053743,fg
3044,90.18832947391451,71.81153311535016,fg
4558,90.22494099089698,32.586371833023016,fg
2349,90.34324675424179,43.306794163711345,mem
4818,90.39433074263007,40.950321761305496,fg
1869,90.64816595474323,65.66806387931224,mem
4127,90.72890300794592,23.938541818957162,fg
2935,90.89020115409552,12.456475655366518,fg
1375,91.07523756012964,80.84017085686051,mem
1775,91.49433747149313,92.14496879187668,mem
1940,91.68663824235432,39.60916411725661,mem
425,91.72699405997082,73.94625176453148,mem
3412,92.02764628301416,46.07795604450448,fg
1618,92.02899702338628,63.49731505549496,mem
3237,92.1247422313885,74.62910582954203,fg
4051,92.26684188384456,49.26713136127739,fg
1786,92.54001713617608,65.21039947710472,mem
4898,92.55313494717815,10.642107441162947,fg
793,92.60324681274092,14.327020901373059,mem
4775,92.783535232417,21.632378090593534,fg
4959,92.81474467366331,83.49314468147999,fg
2792,93.09320952003011,46.82092962117423,fg
1991,93.30296278278335,46.527298238749246,mem
4299,93.45494675846815,85.47942405620859,fg
4843,93.47648555667841,38.944443373400105,fg
1642,93.62661571681495,80.1349837594408,mem
3796,93.97710426069028,89.72065375842388,fg
668,94.00364291319315,27.46798153484228,mem
3100,94.01355615580336,8.510831400755706,fg
97,94.19037056616068,60.64043851433416,mem
4686,94.26434049326828,41.286825169429676,fg
811,94.29235212130821,41.34474399027153,mem
3006,94.41550177368084,74.9265846923811,fg
1562,94.67310018755563,13.408207422789845,mem
4180,94.80184141021856,38.44218808378176,fg
890,94.99072479563485,54.302157583766224,mem
3021,95.2255113685765,15.232730589479502,fg
161,95.22708739326157,21.726299268902455,mem
1470,95.30778678365688,76.7243003678278,mem
3543,95.36935578631523,5.397456470178097,fg
390,95.38251817528149,57.20536055637721,mem
613,95.44166916175921,60.38188594406745,mem
4185,95.72459573676392,70.47043298935048,fg
4897,95.7699347102322,10.379897432435767,fg
447,95.77574543368999,49.21699086263828,mem
832,95.83184278157455,23.08006980293311,mem
3695,95.91691124139116,87.93636087898062,fg
2106,96.06456789443564,56.00774314351015,mem
4799,96.12406760749218,22.682589771014193,fg
2230,96.32841442178741,37.49727801521563,mem
4969,96.36928756496157,83.7049736399005,fg
4945,96.3756709564686,77.34145422751638,fg
3571,96.45791625952793,32.75217085685296,fg
406,96.5324026799242,58.116056495719405,mem
795,96.82192120461555,47.6903943831944,mem
1599,96.95365276908643,46.5546696405491,mem
1453,96.95441313439429,80.11567961209155,mem
1345,96.98741646384615,75.26093324198709,mem
3914,97.01098457783036,29.81532096438724,fg
1605,97.04992708685141,32.09897300472698,mem
269,97.12017164210863,27.08355107414979,mem
513,97.17715302155376,40.478603766607726,mem
2037,97.20401238276058,41.71099485235197,mem
3822,97.22611384271782,78.56164272889626,fg
1596,97.31304834727621,44.66494452532916,mem
468,97.31751638765421,34.055204985154305,mem
753,97.43299347988113,56.421825473945596,mem
2517,97.47731799724095,96.21646102530434,fg
1396,97.7463737099577,40.39884358191995,mem
582,97.80002554567206,68.36154851565071,mem
1056,97.8940448280813,33.23135578632622,mem
1025,98.12528728739328,62.137774413307284,mem
4099,98.19380375766457,83.31800550618047,fg
729,98.25886028045716,60.647712039477774,mem
2384,98.35135956687307,54.94894290856036,mem
3657,98.36278191998078,55.203156981019326,fg
743,98.55138363241169,28.928650904946608,mem
961,98.55291478845655,49.62214347459164,mem
2123,98.59436243513667,53.01974631071364,mem
1745,98.98186790641815,34.948344089505746,mem
2316,99.04945237766495,15.224924601762725,mem
2139,99.77969482867037,16.553817010599346,mem
336,99.8633450239577,43.17765981855477,mem
2616,99.86685768761696,35.26532309652734,fg
3382,99.91200134372488,27.88919364489405,fg
3574,100.1138532610914,47.610070241599395,fg
2077,100.12512805138651,46.48652316874211,mem
407,100.24942915781229,41.463765474309966,mem
4169,100.37611325656158,76.9138193440327,fg
1294,100.70660702538679,48.566168029447525,mem
1207,100.91131658590271,51.345599087821725,mem
1127,100.97576450105295,50.488642087540036,mem
133,101.09422949962622,56.213354879165344,mem
1043,101.16985645426048,33.131228366993824,mem
4522,101.19837509251026,63.84654857584593,fg
4443,101.24818541409942,46.80276754926035,fg
2228,101.3741999959886,61.1368521853718,mem
450,101.38573961111963,55.0262771789621,mem
2586,101.6233473587423,71.86723523232763,fg
2188,101.8452698909193,50.06174615401692,mem
1838,102.02418567472185,58.53796259251508,mem
633,102.08497693300102,47.52674677705284,mem
4401,102.27798866381615,52.30113233068894,fg
2151,102.2791793942732,29.49716059359743,mem
1373,102.8508973324813,84.87892081244415,mem
3643,102.86180799511445,38.21507879620586,fg
548,102.91384048958021,32.71909238750773,mem
2537,102.96276176821388,76.13369034343106,fg
503,103.15947580921151,65.44687043871622,mem
2135,103.39029145235097,39.46749519112039,mem
2524,103.86942016624764,27.48635632146965,fg
1037,103.97634678480136,78.11368204602691,mem
3860,104.15791950686001,28.604091177548238,fg
90,104.30549246533899,53.79552368947574,mem
2460,104.38552366978864,47.502042770508154,mem
2276,104.4225698996598,58.57493360869293,mem
2782,104.60395632757809,79.31201637986956,fg
748,104.67992416200191,55.36930974609514,mem
2132,104.74809965127571,60.996924665188075,mem
2201,104.77809975400163,39.26440196677619,mem
321,105.14261012694182,53.32007828800003,mem
1716,105.14882255687166,76.9744016718208,mem
3272,105.29803874785657,48.403042247360474,fg
424,105.6494075605145,42.61947946032552,mem
2083,105.78915979360252,17.23795429813935,mem
35,105.99416337824437,16.273277288952777,mem
2564,106.01548714386436,77.14154936809912,fg
1992,106.08275565564972,37.7955159623808,mem
1190,106.45530939447872,75.43836097868017,mem
3847,106.48998177005063,34.45650573883285,fg
4516,106.62009230933808,44.051358781992754,fg
3155,106.67976020148295,38.97129040300192,fg
2966,107.05838969630095,65.32445069703107,fg
2225,107.26827226908208,38.60247972874307,mem
2991,107.27514171155235,15.394350021694127,fg
309,107.73963044801823,77.753261614442,mem
2324,107.93712289074669,52.74446827139482,mem
42,108.03402778285128,63.37015314225452,mem
243,108.0636346671302,19.82647175904661,mem
2313,108.18434716438186,29.115155556443572,mem
2968,108.20201733499071,42.8628462144234,fg
4155,108.32292968563229,53.744005488014714,fg
2409,108.51143576768659,38.51159331709579,mem
641,108.5866849005382,69.06879617295992,mem
314,108.85136964901811,39.97191230952157,mem
3393,108.91180985068979,25.08712201445704,fg
2275,109.07863610650631,55.54853100572808,mem
4746,109.31642147876407,42.56449942377952,fg
221,109.35344743134212,58.88301929845351,mem
1434,109.64135914923337,49.37429502892666,mem
289,109.68556979727528,40.55056102542977,mem
4883,109.72116085575406,43.706804520774405,fg
1526,109.7710584122235,71.83882844254907,mem
2785,109.78461630303823,60.53185033000688,fg
4318,110.01112681916551,2.3101760780131144,fg
2893,110.0887795590946,63.55479395739753,fg
1868,110.66374003716801,34.974814868881886,mem
4527,110.85063396559411,48.49987474607283,fg
2705,110.95256874470259,28.34710960037125,fg
1735,111.09079505919162,58.931819846502684,mem
3610,111.1503653523367,90.6756708423414,fg
1227,111.19864966431044,30.75612467458396,mem
2793,111.36355481346659,67.73023703077777,fg
75,111.59047003980801,71.21847894598497,mem
2849,111.99025448140878,85.96767432243084,fg
661,112.05084326066314,24.29297360782123,mem
2321,112.18123161171837,62.212541149408075,mem
79,112.54118503880163,46.232917343471506,mem
1152,112.60678777763044,78.65339868466455,mem
3220,112.62974083222177,73.92213803466416,fg
3884,113.33043264442715,59.93039977164344,fg
3547,113.75753717894736,82.54582527870356,fg
4709,114.00160050835548,70.61703823558796,fg
3176,114.10901461737645,33.99878253969757,fg
3160,114.32673003780842,49.94624201840276,fg
3131,114.60081685904748,49.221396363922175,fg
3045,114.99862865509165,73.07606096771191,fg
60,115.05573159725564,70.21379575673616,mem
1872,115.79318856939018,46.02582289708409,mem
3558,116.06387154656096,5.102771113391299,fg
919,116.08883487170223,59.63029107118851,mem
4362,116.22865603125034,89.52913046335541,fg
197,116.30980180448358,78.63035619710847,mem
1946,116.4184566987196,15.22600679066133,mem
1625,116.49902186703699,22.084422842144047,mem
4176,116.53157515321577,79.64361183807131,fg
1299,116.54955223303824,68.06725853019337,mem
3827,116.98719008680307,43.42614098326746,fg
4570,117.33833376329834,77.0668412982033,fg
3539,117.36392331271169,29.334491704121408,fg
2582,117.50582418775429,72.67260254460142,fg
3756,117.57260825160459,6.9387120790111965,fg
2770,118.17120897886078,32.23610489907469,fg
597,118.22811111867969,61.95567882288693,mem
3002,118.37969669446876,29.07408309822193,fg
771,118.39502877659487,83.64882740945684,mem
155,118.45830625873036,28.175112873466965,mem
4664,118.59165512705117,25.894934073755678,fg
552,118.60141702731529,68.5699682463911,mem
2068,118.99377156463574,21.240516838299595,mem
3070,119.1210552933083,66.72685313261502,fg
1236,119.66566610595969,58.875247654062576,mem
2634,120.50671461497645,37.08915668529676,fg
4143,120.72620350803022,69.75285442368326,fg
4085,120.98519719517941,95.59943607949327,fg
4568,121.22081227727386,8.305084424728335,fg
1027,121.22441826467647,22.869463144153038,mem
4885,121.25942404826607,71.47225789332185,fg
2189,121.38757092687568,55.2165512265357,mem
3392,121.52875972820296,39.29746692651054,fg
1222,121.56378659219445,49.39074247222957,mem
1013,121.8940236228083,64.29794863593679,mem
1198,122.15269425820664,56.86476674684553,mem
430,122.209264284078,33.85716677631312,mem
3473,122.43706384534029,8.941082854466034,fg
2992,122.81165019624214,40.2545970176142,fg
2802,123.34261851205551,87.41864063314924,fg
688,123.4160391337626,54.816037214782064,mem
3471,123.6774078309754,52.122670017009476,fg
3619,123.7455368168297,99.55698489116057,fg
441,123.81324797220304,54.72641784181807,mem
4056,124.10978962518983,16.78500583606126,fg
3798,124.14939163416427,93.67660044949152,fg
466,124.1801198799346,48.422275316859036,mem
2726,124.4783580404237,0.10394339561887024,fg
1749,124.50120814977284,63.43485573445626,mem
4418,124.5941201470578,44.857137801838576,fg
2081,124.66726504551815,59.3409009983789,mem
387,124.69221626989966,52.75879597323691,mem
3899,124.9241338819953,50.00221018311569,fg
4,124.94474071218296,47.11135615171299,mem
1323,124.97278717803795,68.85231962346222,mem
2427,124.9997913342511,50.713431191706725,mem
4121,125.03286673510617,38.851612561114564,fg
2307,125.84252915877344,91.87969767769731,mem
3158,125.88624799791077,84.97274831087908,fg
2108,126.46881023224606,60.22832784004717,mem
3923,126.88203419832978,35.39758067148699,fg
3162,126.89670294741344,5.311499975043461,fg
1830,127.28656887388502,51.29740074904693,mem
3583,127.31299813684515,22.008867587129398,fg
4149,127.46674442979578,77.8941181624545,fg
4078,127.50428121787378,33.92420766091925,fg
3867,128.44352841913184,98.88678584545605,fg
253,128.97900371127542,63.699642469921855,mem
3348,129.0007033653086,4.841771206581228,fg
1445,129.14808681556653,18.0830373934903,mem
179,129.1750551388605,72.69752711277755,mem
3183,129.2178033422386,43.36947097583515,fg
2052,129.4294935060726,45.942492437194396,mem
2501,129.49110146698808,98.78425038602396,fg
528,129.70863335245807,30.65963285033968,mem
2924,130.37293248756322,91.04710580924123,fg
4447,130.62579265826568,25.28635473885189,fg
4882,130.64154251958018,34.41845917890444,fg
504,130.68911787394958,22.67979573961459,mem
4417,130.730795749181,64.07863281651805,fg
4615,130.76994071575632,96.68727818206696,fg
3082,131.04597398638106,62.61217729319435,fg
234,131.10997338317065,37.44417984072021,mem
1223,131.19827944997334,95.89122755778985,mem
4538,131.24562115519578,45.40539320151285,fg
2776,131.28645517195392,78.90264035564637,fg
2909,131.2982265187007,93.64680257135169,fg
4830,131.79911905139318,7.607470004125331,fg
4778,132.3064901745413,28.65521630142385,fg
3340,132.3820238730308,49.26188600627077,fg
1397,132.38694764678294,36.74015332043282,mem
2548,132.82299796372226,38.1356102381925,fg
600,133.02078000410526,9.43227256297736,mem
4671,133.67885629939636,58.11578651083602,fg
1720,133.93979561871794,27.581456452776056,mem
3853,134.3043768537327,82.64201611500619,fg
3830,134.87953572281316,58.265157455763024,fg
3046,135.14307434613414,84.44581157602116,fg
2319,135.22073338993155,18.005319359112626,mem
3302,135.2941214771777,79.13883609544648,fg
1272,135.45845773857272,39.086014289328695,mem
4150,135.4826872522575,87.56907123225237,fg
3423,135.5564608914115,66.15501307889556,fg
2990,135.6518086653985,18.872244671837933,fg
4341,135.85053554434157,24.91610474333129,fg
2728,135.97564074817458,77.54454615513711,fg
516,136.78094880770118,55.12609715998457,mem
2103,136.84099710766802,18.498216829275,mem
2370,137.1281077620553,85.36206730470106,mem
2624,137.36667272453198,98.81686656390524,fg
994,137.50511139495006,57.681539211123,mem
3207,137.62685437884994,28.440603286701673,fg
2876,137.6292508299783,42.2028595380132,fg
293,137.88600644520858,49.921210078535225,mem
2241,137.99594920008877,23.77628539664693,mem
4825,138.3122638990335,98.55233862526168,fg
3947,138.38950677875184,16.267186739425508,fg
4888,138.61634384332507,55.25591790533099,fg
2516,139.0507273372841,10.625418044189272,fg
3691,139.10111179066098,71.44760922182252,fg
2932,139.5326685999576,27.89203072534389,fg
3067,139.73528902684592,62.684246321009944,fg
541,140.35777641923886,66.16598023011906,mem
1501,140.4586560369932,20.415912938401828,mem
1875,140.4727439843017,60.23653907362584,mem
4779,140.54912397691157,84.59951825488066,fg
4259,140.72252115219842,31.34234200836724,fg
3474,141.38902175020442,54.01233599389906,fg
4010,141.39743877359822,94.78037148928637,fg
1583,142.62980365551644,26.229213524921512,mem
3373,142.7868617247151,7.278520701945782,fg
4156,142.93260521632962,72.3220255165514,fg
4563,143.4240031308855,46.07313693397464,fg
3907,143.50593581113012,30.42912301415322,fg
4089,143.56293899452115,4.346704662311225,fg
3759,144.18320090846512,0.6946400842889773,fg
1385,144.38339466618137,53.053855621484594,mem
2512,144.7217654706,78.420754753806,fg
1267,145.0337085563582,30.73181172135761,mem
2974,145.10582227768572,90.52284136289008,fg
3829,145.39911049059367,40.08211229782614,fg
4758,146.19167949684822,19.71692883730219,fg
986,146.41202544445142,62.66924297688118,mem
2826,146.6041990512112,47.3771796068482,fg
1752,146.7455956619431,29.54895908339221,mem
4228,147.00906486809103,83.95766227503425,fg
2784,147.40024915784758,65.87673541633436,fg
630,147.7835635080765,61.98162115497082,mem
3585,147.99092115790864,66.231348451936,fg
3837,149.07705138942669,76.2621318089145,fg
4213,149.50491084090132,5.918234888829263,fg
3612,149.52089931886846,91.8531709694983,fg
833,149.70614106633994,60.932888608153476,mem
3447,149.888986114715,46.362158862527934,fg
4855,150.70187371971892,96.46757346225752,fg
4117,150.793271413433,95.29621210105988,fg
1794,151.17079159179738,69.4942553060569,mem
3507,151.26559804671058,97.51014696915465,fg
2857,151.38698125073168,96.37761751954821,fg
4958,151.60234640207526,92.810129780986,fg
826,152.0048491699794,53.54502929434066,mem
3278,152.06170660149922,54.26892602289809,fg
836,152.4865420617321,40.117242696335055,mem
4308,152.9956489113084,62.02368680024339,fg
3014,153.3985447150421,29.91404783957239,fg
1688,154.12520112519815,82.17253768042829,mem
1670,154.29854562365006,15.115995254106252,mem
3391,154.49633574708005,38.75339519170971,fg
357,154.562259150953,56.96803940066634,mem
4064,155.55289859541506,13.870591289645887,fg
1304,155.65272232832112,22.347229843123063,mem
4853,156.44189346852374,92.10814177507432,fg
4065,156.8040172266869,49.72460459476778,fg
1415,157.44397522237418,74.60776548536963,mem
3808,157.65528510357495,84.72584218184672,fg
3261,158.04796205122403,44.09450759011526,fg
2691,158.2038561288604,13.999347295817106,fg
4917,158.32679186815892,8.654324201583902,fg
3264,159.18449322101048,71.77469706471905,fg
4400,159.70411556538144,13.478470272991018,fg
4582,160.17009011666988,96.13353253406748,fg
3446,160.4664155644199,45.40208141522828,fg
4916,160.81791053507655,62.80412227115656,fg
3139,160.94281837122855,37.29998805519389,fg
3372,161.00709019999962,47.05803645314876,fg
3502,161.03013921784583,17.460072373336597,fg
4836,161.6667541248066,70.7924873767067,fg
4338,162.35378091351475,56.74523214013907,fg
3405,162.39616992221875,74.83912252017515,fg
4181,162.4901532937827,43.87045131423639,fg
4204,162.81944190564025,54.97107380220007,fg
3890,162.89471416338154,84.93585650753126,fg
1551,163.1008527080767,25.32657700562864,mem
4457,163.32230569159745,84.10913466212166,fg
3958,164.07202023972377,84.97342721498262,fg
1097,164.13567581582717,44.194900222654674,mem
4726,164.19555899400422,55.79290827861658,fg
3670,164.58322565595103,98.82574091830436,fg
3972,164.73738741884742,41.91038070755525,fg
2682,165.7198972830737,76.49690496334594,fg
3078,166.41202033228208,81.20625206344883,fg
209,166.50700619471647,41.91368334604536,mem
3068,167.13277131998484,80.3826023834106,fg
3973,167.35744735567002,67.28404089923723,fg
1354,167.89145078462568,53.43986534438714,mem
820,169.21532061225147,34.18841253067029,mem
4821,169.58667525563524,0.8908536089359416,fg
3994,169.61398209600114,54.11463031473113,fg
3927,170.19955484060685,51.32238976011439,fg
2926,170.2216564038477,96.67043668992571,fg
199,170.73466717645545,33.22922852695989,mem
2804,172.56643693694446,99.01115686052357,fg
2295,172.65068774840458,41.12712480801493,mem
3622,172.98642689302537,42.83982674529014,fg
4865,173.05409678273696,25.847497895201002,fg
4503,174.04366102138087,12.245113201350506,fg
3910,174.31629815685295,39.160396759868966,fg
3664,174.34141682656258,18.3403597145159,fg
4875,174.68178984906902,67.60927944121508,fg
4046,174.71726898097896,59.41246699024757,fg
2544,175.30042063790475,83.82600018200256,fg
2067,175.39235349617547,62.652892580186155,mem
2779,176.34954025888126,2.8159719555980303,fg
4072,176.91990115443897,59.69579084561329,fg
3848,177.01002328022795,91.35884504439207,fg
3836,179.44444324020503,11.489488362649126,fg
3425,179.6160468081506,78.38856657039787,fg
4459,180.149216448044,47.88979702180146,fg
4452,181.3297885467873,79.83929945262581,fg
3099,181.34087420463902,22.74841035143345,fg
759,181.41415680197585,35.273115310195315,mem
4979,181.93393708675652,86.540086094824,fg
2756,182.1017650222452,25.249888360040018,fg
4545,182.3396031054689,15.976288993732764,fg
3168,182.95809311224048,58.21616010209098,fg
3179,183.09937581720595,8.582724572161169,fg
3164,184.9415308871449,38.48424803196332,fg
2542,184.98534068053303,64.65117161317373,fg
2732,185.2302182341944,39.81449459386076,fg
2975,185.3763773581479,96.08852394073526,fg
4349,185.48045322661235,68.9068881918297,fg
2867,185.64338078260369,77.59915281402873,fg
2845,186.00164303505332,18.20124565231569,fg
4677,186.04819100278684,57.44013918512084,fg
3702,187.39054932560813,51.380238596685025,fg
3925,187.8731153005989,98.62229503344048,fg
3490,188.09707738800117,45.25203120724288,fg
4900,189.9619524299989,21.861903767213477,fg
3636,190.17857852522832,78.72690411234079,fg
3398,190.9344281231522,14.457324008867884,fg
2902,191.0834255535024,89.92656189921044,fg
3355,191.9348879741648,25.786225161260628,fg
3329,192.6543777854024,32.721243976636146,fg
3040,192.6590468561431,34.10991276543177,fg
2693,193.04788429993,32.87018349621263,fg
4255,193.38096941050546,49.193607022297726,fg
4472,193.726506419013,80.35021652389901,fg
2450,194.74506391391063,57.404785065286895,mem
3026,194.9668930850838,79.1957288827678,fg
1153,195.35796760845443,12.443750862229875,mem
3157,195.9917504567723,58.129614512854786,fg
3333,196.47032082280805,88.41567694409281,fg
4258,198.1726242830232,75.06229864199155,fg
1761,198.5755557991956,10.889585969888136,mem
4649,198.807009646014,80.27238876601184,fg
4682,199.4125429180397,3.230172577359156,fg
